pc_model,pc_type,background_app,frontend_app, Total_Power, CPU, Monitor, Disk, Base, Application,time_of_ the _day,power_mode
0,0,67,2,117,2,50,0,65,0,0,2
0,0,72.1,7.1,119,4,50,0,65,3.1,0,2
0,0,70.5,5.5,117.6,2.6,50,0,65,2.9,0,2
0,0,76.8,11.8,120.9,5.9,50,0,65,5.9,0,2
0,0,85.1,20.1,124.9,9.9,50,0,65,10.2,0,2
0,0,79,14,122.8,7.8,50,0,65,6.2,0,2
0,0,68.7,3.7,116.5,1.5,50,0,65,2.2,0,2
0,0,71.3,6.3,118.4,3.4,50,0,65,2.9,0,2
0,0,69.4,4.4,117.1,2.1,50,0,65,2.3,0,2
0,0,86,21,125.2,10.2,50,0,65,10.8,0,2
0,0,81.6,16.6,124.3,9.2,50,0.1,65,7.3,0,2
0,0,83.4,18.4,124.1,9.1,50,0,65,9.3,0,2
0,0,77.2,12.1,121.5,6.4,50,0,65,5.7,0,2
0,0,72.1,7.2,118.3,3.3,50,0.1,65,3.8,0,2
0,0,80.5,15.5,123.4,8.4,50,0,65,7.1,0,2
0,0,72,6.9,118.4,3.3,50,0,65,3.6,0,2
0,0,79.8,14.8,123,8,50,0,65,6.8,0,2
0,0,73.6,8.5,119.3,4.2,50,0,65,4.3,0,2
0,0,73.2,8.3,119.9,4.9,50,0.1,65,3.3,0,2
0,0,76,11,120.2,5.1,50,0.1,65,5.8,0,2
0,0,70.5,5.6,118.6,3.6,50,0.1,65,1.9,0,2
0,0,80.5,15.5,122.9,7.9,50,0,65,7.6,0,2
0,0,73.9,9,119.7,4.7,50,0.1,65,4.2,0,2
0,0,74.4,9.4,119.6,4.5,50,0.1,65,4.8,0,2
0,0,77.2,12.2,122,7,50,0,65,5.2,0,2
0,0,71.6,6.7,118.2,3.2,50,0.1,65,3.4,0,2
0,0,72.9,8,119.2,4.2,50,0.1,65,3.7,0,2
0,0,73.3,8.3,118.9,3.8,50,0.1,65,4.4,0,2
0,0,72.1,7,119.3,4.2,50,0,65,2.8,0,2
0,0,70.1,5.1,117,2,50,0,65,3.1,0,2
0,0,73.9,8.9,119.9,4.9,50,0,65,4,1,2
0,0,79.7,14.8,122.8,7.5,50,0.4,65,6.9,1,2
0,0,70.4,5.4,120.1,5.1,50,0,65,0.3,1,2
0,0,81.2,16.2,131.2,16.2,50,0,65,0,1,2
0,0,88,23,135.3,20.3,50,0,65,2.7,1,2
0,0,84.8,19.8,125,10,50,0,65,9.8,1,2
0,0,85.5,20.5,125.8,10.8,50,0,65,9.7,1,2
0,0,76.4,11.3,120.5,5.3,50,0.1,65,5.9,1,2
0,0,72.5,7.5,119.1,4.1,50,0,65,3.4,1,2
0,0,70.2,5.2,117.7,2.7,50,0,65,2.5,1,2
0,0,72.4,7.4,119.2,4.2,50,0,65,3.2,1,2
0,0,70.2,5.2,117.2,2.2,50,0,65,3,1,2
0,0,72.8,7.8,118.9,3.9,50,0,65,3.9,1,2
0,0,74.6,9.6,120.5,5.5,50,0,65,4.1,1,2
0,0,69,4,116.5,1.5,50,0,65,2.5,1,2
0,0,70.4,5.4,118.1,3.1,50,0,65,2.3,1,2
0,0,71.3,6.3,117.9,2.9,50,0,65,3.4,1,2
0,0,70,5,117.7,2.7,50,0,65,2.3,1,2
0,0,71.4,6.4,118.2,3.2,50,0,65,3.2,1,2
0,0,70.9,5.9,118.3,3.3,50,0,65,2.6,1,2
0,0,69.8,4.8,117.3,2.3,50,0,65,2.5,1,2
0,0,71.4,6.4,118.3,3.3,50,0,65,3.1,1,2
0,0,69.8,4.8,117.3,2.3,50,0,65,2.5,1,2
0,0,72.2,7.1,119.2,4.1,50,0,65,3,1,2
0,0,70.8,5.8,117.6,2.6,50,0,65,3.2,1,2
0,0,84.2,19.2,124.2,9.2,50,0,65,10,1,2
0,0,76.5,11.5,120.9,5.9,50,0,65,5.6,1,2
0,0,71.4,6.4,118.8,3.8,50,0,65,2.6,1,2
0,0,68.9,3.9,116.8,1.8,50,0,65,2.1,1,2
0,0,72.3,7.3,118.8,3.8,50,0,65,3.5,1,2
0,0,84.8,19.8,125.1,10.1,50,0,65,9.7,1,2
0,0,79.6,14.6,122.7,7.7,50,0,65,6.9,1,2
0,0,71.2,6.2,117.8,2.8,50,0,65,3.4,1,2
0,0,73.1,8.1,119.4,4.4,50,0,65,3.7,1,2
1,1,6.5,1.5,8.3,0.3,3,0,5,1.2,1,2
1,1,9.2,4.2,10.7,2.7,3,0,5,1.5,1,2
1,1,7.2,2.2,9.1,1.1,3,0,5,1.1,1,2
1,1,6.7,1.7,8.7,0.7,3,0,5,1,1,2
1,1,6.7,1.6,8.5,0.4,3,0,5,1.2,1,2
1,1,12.6,7.6,14.1,6.1,3,0,5,1.5,1,2
1,1,7.4,2.4,9.3,1.2,3,0.1,5,1.1,1,2
1,1,7.1,2.1,9.1,1.1,3,0,5,1,1,2
1,1,7,2,8.8,0.8,3,0,5,1.2,1,2
1,1,7.1,2.1,8.6,0.6,3,0,5,1.5,1,2
1,1,7.8,2.8,9.7,1.7,3,0,5,1.1,1,2
1,1,6.8,1.8,8.8,0.8,3,0,5,1,1,2
1,1,6.4,1.4,8.2,0.2,3,0,5,1.2,1,2
1,1,21.1,16.1,22.6,14.6,3,0,5,1.5,1,2
1,1,10.4,5.4,12.3,4.3,3,0,5,1.1,1,2
1,1,7,2,9,1,3,0,5,1,1,2
1,1,9.5,4.6,11.3,2.1,3,1.3,5,1.2,1,2
1,1,22.5,17.5,24,16,3,0,5,1.5,1,2
1,1,21.7,16.7,23.6,15.5,3,0.1,5,1.1,1,2
1,1,26,21,28,19.9,3,0.1,5,1,1,2
1,1,11.8,6.7,13.6,5.5,3,0,5,1.2,1,2
1,1,11,6,12.5,4.1,3,0.4,5,1.5,1,2
1,1,28.7,23.7,30.6,22.5,3,0.1,5,1.1,1,2
1,1,31.7,26.7,33.7,25.6,3,0.1,5,1,1,2
1,1,34.1,29.1,35.9,27.8,3,0.1,5,1.2,1,2
1,1,34.4,29.4,35.9,27.8,3,0.1,5,1.5,1,2
1,1,29.5,24.5,31.4,22.8,3,0.6,5,1.1,1,2
1,1,19.1,14.1,21.1,13,3,0.1,5,1,1,2
1,1,31.8,26.8,33.6,25.4,3,0.2,5,1.2,1,2
1,1,33.9,28.9,35.4,27.3,3,0.1,5,1.5,1,2
1,1,33,28,34.9,26.7,3,0.2,5,1.1,1,2
1,1,31.3,26.3,33.3,25.2,3,0.1,5,1,1,2
1,1,34.3,29.3,36.1,28,3,0.1,5,1.2,1,2
1,1,34.6,29.6,36.1,28,3,0.1,5,1.5,1,2
1,1,32.2,27.1,34.1,26,3,0,5,1.1,1,2
1,1,28.8,23.8,30.8,22.8,3,0,5,1,1,2
1,1,26.9,21.9,28.7,20.6,3,0.1,5,1.2,1,2
1,1,9.3,4.3,10.8,2.8,3,0,5,1.5,1,2
1,1,11.6,6.7,13.5,5.5,3,0.1,5,1.1,1,2
1,1,12.2,7.2,14.2,6.2,3,0,5,1,1,2
1,1,11.4,6.4,13.2,5.2,3,0,5,1.2,1,2
1,1,10.1,5.1,11.6,3.1,3,0.5,5,1.5,1,2
1,1,18,12.9,19.9,11.8,3,0,5,1.1,1,2
1,1,13.4,8.4,15.4,7.3,3,0.1,5,1,1,2
1,1,8,3,9.8,1.8,3,0,5,1.2,1,2
1,1,7.5,2.4,9,0.9,3,0,5,1.5,1,2
1,1,6.9,1.9,8.8,0.8,3,0,5,1.1,1,2
1,1,7.3,2.3,9.3,1.3,3,0,5,1,1,2
1,1,7.4,2.4,9.2,1.2,3,0,5,1.2,1,2
1,1,7.2,2.2,8.7,0.7,3,0,5,1.5,1,2
1,1,7.5,2.5,9.4,1.4,3,0,5,1.1,1,2
1,1,7.9,2.9,9.9,1.9,3,0,5,1,1,2
1,1,7.4,2.4,9.2,1.2,3,0,5,1.2,1,2
1,1,7.5,2.5,9,1,3,0,5,1.5,1,2
1,1,7.7,2.7,9.6,1.6,3,0,5,1.1,1,2
1,1,18.1,13.1,20.1,12.1,3,0,5,1,1,2
1,1,8.7,3.7,10.5,2.5,3,0,5,1.2,1,2
1,1,7.3,2.3,8.8,0.8,3,0,5,1.5,1,2
1,1,9.1,4.1,11,3,3,0,5,1.1,1,2
1,1,8,3,10,2,3,0,5,1,1,2
1,1,7.9,2.9,9.7,1.7,3,0,5,1.2,1,2
1,1,8.2,3.2,9.7,1.7,3,0,5,1.5,1,2
1,1,6.3,1.3,8.2,0.2,3,0,5,1.1,1,2
1,1,9.4,4.3,11.4,3.3,3,0,5,1,1,2
1,1,6.6,1.6,8.4,0.4,3,0,5,1.2,1,2
1,1,6.8,1.8,8.3,0.3,3,0,5,1.5,1,2
1,1,7.3,2.3,9.2,1.2,3,0,5,1.1,1,2
1,1,6.6,1.6,8.6,0.6,3,0,5,1,1,2
1,1,7.7,2.7,9.5,1.5,3,0,5,1.2,1,2
1,1,8,3,9.5,1.5,3,0,5,1.5,1,2
1,1,7.5,2.4,9.4,1.3,3,0,5,1.1,1,2
1,1,7.1,2.1,9.1,1.1,3,0,5,1,1,2
1,1,7.2,2.2,9,1,3,0,5,1.2,1,2
1,1,11.3,6.3,12.8,4.8,3,0,5,1.5,1,2
1,1,7.2,2.2,9.1,1.1,3,0,5,1.1,1,2
1,1,7,2,9,1,3,0,5,1,1,2
1,1,6.8,1.8,8.6,0.6,3,0,5,1.2,1,2
1,1,7.8,2.8,9.3,1.3,3,0,5,1.5,1,2
1,1,7.6,2.6,9.5,1.5,3,0,5,1.1,1,2
1,1,7.4,2.4,9.4,1.4,3,0,5,1,1,2
1,1,7.7,2.7,9.5,1.5,3,0,5,1.2,1,2
1,1,7.8,2.8,9.3,1.3,3,0,5,1.5,1,2
1,1,6.4,1.4,8.3,0.3,3,0,5,1.1,1,2
1,1,9.1,4.1,11.1,3.1,3,0,5,1,1,2
1,1,6.7,1.7,8.5,0.5,3,0,5,1.2,1,2
1,1,7.3,2.2,8.8,0.7,3,0,5,1.5,1,2
1,1,6.9,1.9,8.8,0.8,3,0,5,1.1,1,2
1,1,7.1,2.1,9.1,1.1,3,0,5,1,1,2
1,1,7.3,2.3,9.1,1.1,3,0,5,1.2,1,2
1,1,7.8,2.8,9.3,1.3,3,0,5,1.5,1,2
1,1,7.4,2.4,9.3,1.3,3,0,5,1.1,1,2
1,1,6.9,1.9,8.9,0.9,3,0,5,1,1,2
1,1,7.3,2.3,9.1,1.1,3,0,5,1.2,1,2
1,1,7.3,2.3,8.8,0.8,3,0,5,1.5,1,2
1,1,6.7,1.7,8.6,0.6,3,0,5,1.1,1,2
1,1,7.8,2.8,9.8,1.8,3,0,5,1,1,2
1,1,9.5,4.5,11.3,3.3,3,0,5,1.2,1,2
1,1,8,3,9.5,1.5,3,0,5,1.5,1,2
1,1,7.4,2.4,9.3,1.3,3,0,5,1.1,1,2
1,1,7.2,2.2,9.2,1.2,3,0,5,1,1,2
1,1,7.4,2.4,9.2,1.2,3,0,5,1.2,1,2
1,1,8.3,3.3,9.8,1.8,3,0,5,1.5,1,2
1,1,10.2,5.2,12.1,4.1,3,0,5,1.1,1,2
1,1,7.5,2.5,9.5,1.5,3,0,5,1,1,2
1,1,7.2,2.2,9,0.9,3,0.1,5,1.2,1,2
1,1,8,3,9.5,1.5,3,0,5,1.5,1,2
1,1,11.7,6.7,13.6,5.6,3,0,5,1.1,1,2
1,1,9.3,4.3,11.3,3.3,3,0,5,1,1,2
1,1,17.5,12.5,19.3,11.3,3,0,5,1.2,1,2
1,1,8.7,3.7,10.2,2.2,3,0,5,1.5,1,2
1,1,7.8,2.8,9.7,1.7,3,0,5,1.1,1,2
1,1,6.5,1.5,8.5,0.5,3,0,5,1,1,2
1,1,7,2,8.8,0.8,3,0,5,1.2,1,2
1,1,7.9,2.9,9.4,1.4,3,0,5,1.5,1,2
1,1,6.4,1.4,8.3,0.3,3,0,5,1.1,1,2
1,1,7.1,2.1,9.1,1.1,3,0,5,1,1,2
1,1,11.1,6.1,12.9,4.9,3,0,5,1.2,1,2
1,1,7.1,2.1,8.6,0.6,3,0,5,1.5,1,2
1,1,12,7,13.9,5.9,3,0,5,1.1,1,2
1,1,8.8,3.8,10.8,2.8,3,0,5,1,1,2
1,1,8.4,3.3,10.2,2.1,3,0,5,1.2,1,2
1,1,9.8,4.8,11.3,3.3,3,0,5,1.5,1,2
1,1,8.8,3.8,10.7,2.7,3,0,5,1.1,1,2
1,1,10,5,12,4,3,0,5,1,1,2
1,1,7.2,2.2,9,1,3,0,5,1.2,1,2
1,1,7.2,2.2,8.7,0.7,3,0,5,1.5,1,2
1,1,6.9,1.9,8.8,0.8,3,0,5,1.1,1,2
1,1,14.2,9.2,16.2,8.2,3,0,5,1,1,2
1,1,8.3,3.3,10.1,2.1,3,0,5,1.2,1,2
1,1,7.1,2.1,8.6,0.6,3,0,5,1.5,1,2
1,1,7.2,2.2,9.1,1.1,3,0,5,1.1,1,2
1,1,7.3,2.3,9.3,1.3,3,0,5,1,1,2
1,1,13.9,8.8,15.7,7.6,3,0,5,1.2,1,2
1,1,8.1,3.1,9.6,1.6,3,0,5,1.5,1,2
1,1,23.5,18.5,25.4,17.3,3,0.1,5,1.1,1,2
1,1,34,29,36,28,3,0,5,1,1,2
1,1,34.5,29.5,36.3,28,3,0.3,5,1.2,1,2
1,1,35,30,36.5,28,3,0.5,5,1.5,1,2
1,1,34.5,29.5,36.4,28,3,0.4,5,1.1,1,2
1,1,34,29,36,28,3,0,5,1,1,2
1,1,34.2,29.2,36,28,3,0,5,1.2,1,2
1,1,34.5,29.5,36,28,3,0,5,1.5,1,2
1,1,31.8,26.9,33.7,25.7,3,0.1,5,1.1,1,2
1,1,24.6,19.6,26.6,18.6,3,0,5,1,1,2
1,1,27.6,22.6,29.4,21.4,3,0,5,1.2,1,2
1,1,15.8,10.7,17.3,9.2,3,0,5,1.5,1,2
1,1,10.9,5.9,12.8,4.8,3,0,5,1.1,1,2
1,1,9.2,4.1,11.2,3.1,3,0,5,1,1,2
1,1,9.5,4.5,11.3,3.3,3,0,5,1.2,1,2
1,1,11.2,6.1,12.7,4.6,3,0,5,1.5,1,2
1,1,10.1,5.1,12,4,3,0,5,1.1,1,2
1,1,14.4,9.4,16.4,8.4,3,0,5,1,1,2
1,1,14.8,9.8,16.6,8.6,3,0,5,1.2,1,2
1,1,10.3,5.3,11.8,3.8,3,0,5,1.5,1,2
1,1,17.3,12.3,19.2,11.2,3,0,5,1.1,1,2
1,1,11.7,6.7,13.7,5.7,3,0,5,1,1,2
1,1,27,22.1,28.8,20.8,3,0.1,5,1.2,1,2
1,1,12.6,7.5,14.1,6,3,0,5,1.5,1,2
1,1,7.6,2.5,9.5,1.4,3,0,5,1.1,1,2
1,1,8.7,3.7,10.7,2.7,3,0,5,1,1,2
1,1,9.6,4.6,11.4,3.3,3,0.1,5,1.2,1,2
1,1,8.7,3.6,10.2,2.1,3,0,5,1.5,1,2
1,1,8.7,3.7,10.6,2.6,3,0,5,1.1,1,2
1,1,10,5,12,4,3,0,5,1,1,2
1,1,7.6,2.6,9.4,1.4,3,0,5,1.2,1,2
1,1,7.1,2.1,8.6,0.6,3,0,5,1.5,1,2
1,1,8.3,3.3,10.2,2.2,3,0,5,1.1,1,2
1,1,8.8,3.8,10.8,2.8,3,0,5,1,1,2
1,1,12.9,7.9,14.7,6.6,3,0.1,5,1.2,1,2
1,1,29.4,24.5,30.9,22.8,3,0.2,5,1.5,1,2
1,1,30.2,25.2,32.1,24.1,3,0,5,1.1,1,2
1,1,25.4,20.4,27.4,19.3,3,0.1,5,1,1,2
1,1,19.9,14.9,21.7,13.6,3,0.1,5,1.2,1,2
1,1,11.4,6.4,12.9,4.9,3,0,5,1.5,1,2
1,1,10.1,5.1,12,4,3,0,5,1.1,1,2
1,1,7.9,2.9,9.9,1.9,3,0,5,1,1,2
1,1,15.4,10.4,17.2,9.2,3,0,5,1.2,1,2
1,1,8.7,3.7,10.2,1.5,3,0.7,5,1.5,1,2
1,1,6.9,1.9,8.8,0.8,3,0,5,1.1,1,2
1,1,6.4,1.4,8.4,0.4,3,0,5,1,1,2
1,1,6.5,1.5,8.3,0.3,3,0,5,1.2,1,2
1,1,7.8,2.8,9.3,1.3,3,0,5,1.5,1,2
1,1,28.9,24,30.8,22.8,3,0.1,5,1.1,1,2
1,1,11.6,6.6,13.6,5.6,3,0,5,1,1,2
1,1,6.7,1.7,8.5,0.5,3,0,5,1.2,1,2
1,1,6.8,1.8,8.3,0.3,3,0,5,1.5,1,2
1,1,6.4,1.4,8.3,0.3,3,0,5,1.1,1,2
1,1,6.3,1.3,8.3,0.3,3,0,5,1,1,2
1,1,6.4,1.4,8.2,0.2,3,0,5,1.2,1,2
1,1,6.8,1.8,8.3,0.3,3,0,5,1.5,1,2
1,1,6.4,1.4,8.3,0.3,3,0,5,1.1,1,2
1,1,6.8,1.7,8.8,0.7,3,0,5,1,1,2
1,1,6.5,1.5,8.3,0.3,3,0,5,1.2,1,2
1,1,6.9,1.9,8.4,0.4,3,0,5,1.5,1,2
1,1,6.5,1.5,8.4,0.4,3,0,5,1.1,1,2
1,1,6.7,1.7,8.7,0.7,3,0,5,1,1,2
1,1,6.7,1.7,8.5,0.5,3,0,5,1.2,1,2
1,1,6.8,1.8,8.3,0.3,3,0,5,1.5,1,2
1,1,6.8,1.8,8.7,0.7,3,0,5,1.1,1,2
1,1,6.6,1.6,8.6,0.6,3,0,5,1,1,2
1,1,7,2,8.8,0.7,3,0.1,5,1.2,1,2
1,1,6.8,1.8,8.3,0.3,3,0,5,1.5,1,2
1,1,6.4,1.4,8.3,0.3,3,0,5,1.1,1,2
1,1,6.2,1.2,8.2,0.2,3,0,5,1,1,2
1,1,6.4,1.4,8.2,0.2,3,0,5,1.2,1,2
1,1,6.8,1.8,8.3,0.3,3,0,5,1.5,1,2
1,1,6.5,1.5,8.4,0.4,3,0,5,1.1,1,2
1,1,6.4,1.4,8.4,0.4,3,0,5,1,1,2
1,1,6.7,1.7,8.5,0.5,3,0,5,1.2,1,2
1,1,7.2,2.2,8.7,0.7,3,0,5,1.5,1,2
1,1,6.4,1.4,8.3,0.3,3,0,5,1.1,1,2
1,1,6.6,1.6,8.6,0.6,3,0,5,1,1,2
1,1,6.4,1.4,8.2,0.2,3,0,5,1.2,1,2
1,1,7,2,8.5,0.5,3,0,5,1.5,1,2
1,1,6.4,1.4,8.3,0.3,3,0,5,1.1,1,2
1,1,6.4,1.4,8.4,0.4,3,0,5,1,1,2
1,1,6.6,1.6,8.4,0.4,3,0,5,1.2,1,2
1,1,6.8,1.8,8.3,0.3,3,0,5,1.5,1,2
1,1,6.6,1.6,8.5,0.5,3,0,5,1.1,1,2
1,1,6.3,1.3,8.3,0.3,3,0,5,1,1,2
1,1,6.5,1.5,8.3,0.3,3,0,5,1.2,1,2
1,1,6.7,1.7,8.2,0.2,3,0,5,1.5,1,2
1,1,6.4,1.4,8.3,0.3,3,0,5,1.1,1,2
1,1,6.4,1.4,8.4,0.4,3,0,5,1,1,2
1,1,6.5,1.5,8.3,0.3,3,0,5,1.2,1,2
1,1,6.7,1.7,8.2,0.2,3,0,5,1.5,1,2
1,1,6.4,1.4,8.3,0.3,3,0,5,1.1,1,2
1,1,6.2,1.2,8.2,0.2,3,0,5,1,1,2
1,1,6.5,1.5,8.3,0.3,3,0,5,1.2,1,2
1,1,6.7,1.7,8.2,0.2,3,0,5,1.5,1,2
1,1,6.3,1.3,8.2,0.2,3,0,5,1.1,1,2
1,1,6.2,1.2,8.2,0.2,3,0,5,1,1,2
1,1,6.5,1.5,8.3,0.3,3,0,5,1.2,1,2
1,1,6.8,1.8,8.3,0.3,3,0,5,1.5,1,2
1,1,6.3,1.3,8.2,0.2,3,0,5,1.1,1,2
1,1,6.3,1.3,8.3,0.3,3,0,5,1,1,2
1,1,6.4,1.4,8.2,0.2,3,0,5,1.2,1,2
1,1,6.7,1.7,8.2,0.2,3,0,5,1.5,1,2
1,1,6.4,1.4,8.3,0.3,3,0,5,1.1,1,2
1,1,6.3,1.3,8.3,0.3,3,0,5,1,1,2
1,1,6.5,1.5,8.3,0.3,3,0,5,1.2,1,2
1,1,7.2,2.2,8.7,0.7,3,0,5,1.5,1,2
1,1,6.4,1.4,8.3,0.3,3,0,5,1.1,1,2
1,1,6.4,1.4,8.4,0.4,3,0,5,1,1,2
1,1,6.6,1.6,8.4,0.4,3,0,5,1.2,1,2
1,1,6.7,1.7,8.2,0.2,3,0,5,1.5,1,2
1,1,6.4,1.4,8.3,0.3,3,0,5,1.1,1,2
1,1,7.3,2.3,9.3,1.3,3,0,5,1,1,2
1,1,6.8,1.8,8.6,0.6,3,0,5,1.2,1,2
1,1,7,2,8.5,0.5,3,0,5,1.5,1,2
1,1,6.6,1.6,8.5,0.5,3,0,5,1.1,1,2
1,1,7.5,2.5,9.5,1.5,3,0,5,1,1,2
1,1,7.4,2.4,9.2,1.2,3,0,5,1.2,1,2
1,1,6.7,1.7,8.2,0.2,3,0,5,1.5,1,2
1,1,6.3,1.3,8.2,0.2,3,0,5,1.1,1,2
1,1,7,2,9,1,3,0,5,1,1,2
3,0,79.3,14.3,72.6,8.1,-0.5,0,65,6.2,1,1
3,0,79.8,14.8,73,8.5,-0.5,0,65,6.3,1,1
3,0,89.9,24.9,82.2,17.7,-0.5,0,65,7.2,1,1
3,0,85.1,20,77.7,13.1,-0.5,0,65,6.9,1,1
3,0,83.9,18.9,76.8,12.1,-0.5,0.2,65,6.6,1,1
3,0,99.2,34.2,90.9,26.4,-0.5,0,65,7.8,1,1
3,0,96.8,31.8,88.3,23.7,-0.5,0.1,65,8,1,1
3,0,105.9,40.9,98.7,33.9,-0.5,0.3,65,6.7,1,1
3,0,95,30,87.3,22.2,-0.5,0.6,65,7.2,1,1
3,0,91,26,83.4,18.4,-0.5,0.5,65,7.1,1,1
3,0,101.8,36.9,93.5,28.7,-0.5,0.4,65,7.8,1,1
3,0,102.2,37.2,93.7,29,-0.5,0.2,65,8,1,1
3,0,106.2,41.2,99.6,34.9,-0.5,0.2,65,6.1,1,1
3,0,105.7,40.7,99.6,35,-0.5,0.1,65,5.6,1,1
3,0,106.6,41.6,99.7,35,-0.5,0.2,65,6.4,1,1
3,0,108.3,43.3,99.6,35,-0.5,0.1,65,8.2,1,1
3,0,106.1,41.1,99.6,35,-0.5,0.1,65,6,1,1
3,0,104.4,39.4,97.4,32.8,-0.5,0.1,65,6.5,1,1
3,0,93.4,28.4,85.4,20.6,-0.5,0.3,65,7.5,1,1
3,0,100.8,35.8,94.1,28.9,-0.5,0.7,65,6.2,1,1
3,0,104.1,39.2,97.1,32.6,-0.5,0.1,65,6.5,1,1
3,0,103.4,38.3,96,31.3,-0.5,0.1,65,6.9,1,1
3,0,104.9,39.9,98.3,33.7,-0.5,0.1,65,6.1,1,1
3,0,104.9,39.9,98.2,33.6,-0.5,0.1,65,6.2,1,1
3,0,106.3,41.3,98.8,34.2,-0.5,0.1,65,7,1,1
3,0,103.2,38.2,96.7,32.2,-0.5,0,65,6,1,1
3,0,97.1,32.1,90.5,26,-0.5,0,65,6.1,1,1
3,0,99.6,34.6,93.8,29.2,-0.5,0.1,65,5.3,1,1
3,0,97.3,32.3,89.9,25.3,-0.5,0.1,65,6.9,1,1
3,0,104.3,39.3,98.5,33.9,-0.5,0.1,65,5.3,1,1
3,0,105.5,40.5,99.6,35,-0.5,0.1,65,5.4,1,1
3,0,99.5,34.5,93.8,29.2,-0.5,0.1,65,5.2,1,1
3,0,94.8,29.8,88.1,23.5,-0.5,0.1,65,6.2,1,1
3,0,104.7,39.7,99.6,35,-0.5,0.1,65,4.6,1,1
3,0,103.9,39,97.4,32.9,-0.5,0.1,65,6,1,1
3,0,99.3,34.4,91.9,27.3,-0.5,0.2,65,6.9,1,1
3,0,105,40,98.4,33.8,-0.5,0.1,65,6.1,1,1
3,0,104.6,39.6,99.6,35,-0.5,0.1,65,4.5,1,1
3,0,105,40,99.9,35,-0.5,0.4,65,4.6,1,1
3,0,104.4,39.4,99.5,34.9,-0.5,0.1,65,4.4,1,1
3,0,106.1,41.1,99.5,34.9,-0.5,0.1,65,6.1,1,1
3,0,103,38,96.9,32.3,-0.5,0.1,65,5.6,1,1
3,0,107,42,99.6,35,-0.5,0.1,65,6.9,1,1
3,0,107,42,99.6,35,-0.5,0.1,65,6.9,1,1
3,0,104.9,39.9,99.6,35,-0.5,0.1,65,4.8,1,1
3,0,104.8,39.8,99.2,34.5,-0.5,0.2,65,5.1,1,1
3,0,105.1,40.1,98.9,34.3,-0.5,0.1,65,5.7,1,1
3,0,106.4,41.4,99.6,35,-0.5,0.1,65,6.3,1,1
3,0,105.6,40.6,99.5,35,-0.5,0,65,5.6,1,1
3,0,105.6,40.6,99.6,35,-0.5,0.1,65,5.5,1,1
3,0,101,36,94.7,30.1,-0.5,0.1,65,5.8,1,1
3,0,104.3,39.3,99.5,35,-0.5,0,65,4.3,1,1
3,0,104.8,39.8,98.9,34.3,-0.5,0.1,65,5.4,1,1
3,0,103.7,38.7,95.9,31.3,-0.5,0.1,65,7.3,1,1
3,0,106.7,41.7,99.7,35,-0.5,0.2,65,6.5,1,1
3,0,107.4,42.4,99.2,34.5,-0.5,0.2,65,7.7,1,1
3,0,103.3,38.3,95.2,30.7,-0.5,0,65,7.6,1,1
3,0,106.5,41.5,99.6,35,-0.5,0.1,65,6.4,1,1
3,0,104.8,39.8,99.6,35,-0.5,0.1,65,4.7,1,1
3,0,105.8,40.8,99.7,35,-0.5,0.2,65,5.6,1,1
3,0,106.2,41.2,99.4,34.7,-0.5,0.2,65,6.3,1,1
3,0,103.3,38.4,96.8,31.9,-0.5,0.5,65,6,1,1
3,0,105.6,40.6,98.9,34.3,-0.5,0.1,65,6.2,1,1
3,0,106.4,41.4,99.6,35,-0.5,0.1,65,6.3,1,1
3,0,106,41,99.7,35,-0.5,0.2,65,5.8,1,1
3,0,106,41,99.6,35,-0.5,0.1,65,5.9,1,1
3,0,106,41,99.7,35,-0.5,0.2,65,5.8,1,1
3,0,102.1,37.1,95.9,31.3,-0.5,0.1,65,5.7,1,1
3,0,94.8,29.8,87.5,22.9,-0.5,0.1,65,6.8,1,1
3,0,101.3,36.4,95.1,30.5,-0.5,0.2,65,5.7,1,1
3,0,102.7,37.8,96.3,31.8,-0.5,0.1,65,5.9,1,1
3,0,104.2,39.2,96.7,32.1,-0.5,0.1,65,7,1,1
3,0,103.2,38.2,96.7,32.2,-0.5,0,65,6,1,1
3,0,102.8,37.8,95.8,31.2,-0.5,0.1,65,6.5,1,1
3,0,95.8,30.9,87.9,23.3,-0.5,0.2,65,7.4,1,1
3,0,77.8,12.8,71.7,7.1,-0.5,0.1,65,5.6,1,1
3,0,78.5,13.6,72.6,8.1,-0.5,0.1,65,5.4,1,1
3,0,77.8,12.8,71.7,7.2,-0.5,0,65,5.6,1,1
3,0,79.3,14.3,72.8,8.3,-0.5,0,65,6,1,1
3,0,77.1,12.1,71.1,6.6,-0.5,0,65,5.5,1,1
3,0,78.1,13.1,72.2,7.7,-0.5,0,65,5.4,1,1
3,0,78.7,13.7,72.4,7.9,-0.5,0,65,5.8,1,1
3,0,77.1,12.1,70.9,6.4,-0.5,0,65,5.7,1,1
3,0,77.6,12.6,71.4,6.9,-0.5,0,65,5.7,1,1
3,0,77.2,12.2,71.1,6.6,-0.5,0,65,5.6,1,1
3,0,85.7,20.7,79.6,15.1,-0.5,0,65,5.6,1,1
3,0,95.8,30.8,89,24.5,-0.5,0,65,6.3,1,1
3,0,96.9,31.8,90.4,25.8,-0.5,0,65,6,1,1
3,0,83.7,18.7,77,12.5,-0.5,0,65,6.2,1,1
3,0,77.3,12.3,71.3,6.8,-0.5,0,65,5.5,1,1
3,0,78.7,13.6,72.4,7.8,-0.5,0,65,5.8,1,1
3,0,87.2,22.1,81.2,16.6,-0.5,0,65,5.5,1,1
3,0,84.2,19.2,77.8,13.2,-0.5,0.1,65,5.9,1,1
3,0,84.2,19.2,78.2,13.6,-0.5,0.1,65,5.5,1,1
3,0,85.3,20.3,79,14.4,-0.5,0.1,65,5.8,1,1
3,0,78.7,13.7,72.4,7.9,-0.5,0,65,5.8,1,1
3,0,90.5,25.5,84.1,19.6,-0.5,0,65,5.9,1,1
3,0,94.6,29.6,88.7,24.2,-0.5,0,65,5.4,1,1
3,0,96.4,31.3,89.8,25.2,-0.5,0,65,6.1,1,1
3,0,77,12,71.2,6.7,-0.5,0,65,5.3,1,1
3,0,78.1,13.1,71.9,7.4,-0.5,0,65,5.7,1,1
3,0,75.8,10.8,70.2,5.7,-0.5,0,65,5.1,1,1
3,0,76.6,11.6,70.4,5.9,-0.5,0,65,5.7,1,1
3,0,76.6,11.6,70.8,6.3,-0.5,0,65,5.3,1,1
3,0,76.2,11.2,70.1,5.6,-0.5,0,65,5.6,1,1
3,0,76.4,11.4,70.7,6.2,-0.5,0,65,5.2,1,1
3,0,76.2,11.2,70,5.5,-0.5,0,65,5.7,1,1
3,0,92.2,27.2,85.7,21.2,-0.5,0,65,6,1,1
3,0,95,30,88.6,24.1,-0.5,0,65,5.9,1,1
3,0,92.1,27,85.5,20.9,-0.5,0,65,6.1,1,1
3,0,76.1,11.1,70.4,5.9,-0.5,0,65,5.2,1,1
3,0,76.3,11.3,70.3,5.8,-0.5,0,65,5.5,1,1
3,0,76.2,11.2,70.3,5.8,-0.5,0,65,5.4,1,1
3,0,76.2,11.2,70.4,5.9,-0.5,0,65,5.3,1,1
3,0,76.7,11.7,70.9,6.4,-0.5,0,65,5.3,1,1
3,0,75.6,10.6,69.6,5.1,-0.5,0,65,5.5,1,1
3,0,76.3,11.3,70.6,6.1,-0.5,0,65,5.2,1,1
3,0,76.5,11.5,70.5,6,-0.5,0,65,5.5,1,1
3,0,91.8,26.8,85.3,20.8,-0.5,0,65,6,1,1
3,0,94.7,29.6,88.3,23.7,-0.5,0,65,5.9,1,1
3,0,92.6,27.6,86.4,21.9,-0.5,0,65,5.7,1,1
3,0,76.7,11.6,70.7,6.1,-0.5,0,65,5.5,1,1
3,0,76,11,70.2,5.7,-0.5,0,65,5.3,1,1
3,0,77.2,12.2,71.4,6.9,-0.5,0,65,5.3,1,1
3,0,75.8,10.8,69.8,5.3,-0.5,0,65,5.5,1,1
3,0,76.3,11.3,70.6,6.1,-0.5,0,65,5.2,1,1
3,0,77,12,70.7,6.2,-0.5,0,65,5.8,1,1
3,0,76.6,11.6,70.9,6.4,-0.5,0,65,5.2,1,1
3,0,76.2,11.2,70.4,5.9,-0.5,0,65,5.3,1,1
3,0,91.2,26.1,85.4,20.8,-0.5,0,65,5.3,1,1
3,0,93.2,28.1,86.7,22.1,-0.5,0,65,6,1,1
3,0,93.8,28.8,87.3,22.8,-0.5,0,65,6,1,1
3,0,76,11,70.3,5.8,-0.5,0,65,5.2,1,1
3,0,76.1,11,70.3,5.7,-0.5,0,65,5.3,1,1
3,0,76.2,11.2,70.2,5.7,-0.5,0,65,5.5,1,1
3,0,88.1,23.1,82,17.5,-0.5,0,65,5.6,1,1
3,0,75.9,10.9,70.1,5.6,-0.5,0,65,5.3,1,1
3,0,76.3,11.3,70.1,5.6,-0.5,0,65,5.7,1,1
3,0,75.9,10.9,70.2,5.7,-0.5,0,65,5.2,1,1
3,0,75.4,10.4,69.7,5.2,-0.5,0,65,5.2,1,1
3,0,89.9,24.9,84.2,19.7,-0.5,0,65,5.2,1,1
3,0,95.2,30.2,88.7,24.2,-0.5,0,65,6,1,1
3,0,92,26.9,85.9,21.3,-0.5,0,65,5.6,1,1
3,0,80.9,15.9,75,10.4,-0.5,0.1,65,5.4,1,1
3,0,77.5,12.4,71.3,6.7,-0.5,0,65,5.7,1,1
3,0,76.4,11.4,70.4,5.9,-0.5,0,65,5.5,1,1
3,0,75.9,10.9,70.1,5.6,-0.5,0,65,5.3,1,1
3,0,77.8,12.8,71.4,6.9,-0.5,0,65,5.9,1,1
3,0,76.7,11.7,71,6.5,-0.5,0,65,5.2,1,1
3,0,80,15,74,9.5,-0.5,0,65,5.5,0,1
3,0,77.2,12.2,71.6,7.1,-0.5,0,65,5.1,0,1
3,0,78.1,13.1,71.9,7.4,-0.5,0,65,5.7,0,1
3,0,77.5,12.5,71.9,7.4,-0.5,0,65,5.1,0,1
3,0,89.5,24.6,83.7,19.2,-0.5,0.1,65,5.3,0,1
3,0,89.6,24.6,82.4,17.8,-0.5,0.1,65,6.7,0,1
3,0,84.3,19.3,78.8,14.3,-0.5,0,65,5,0,1
3,0,95.6,30.6,89.4,24.3,0,0.1,65,6.2,0,1
3,0,101.3,36.3,96.5,31.3,0,0.2,65,4.8,0,1
3,0,99,34,91.8,26.7,0,0.1,65,7.2,0,1
3,0,104.5,39.5,94.3,29.2,0,0.1,65,10.2,0,1
3,0,78.2,13.2,72.4,7.4,0,0,65,5.8,0,1
3,0,77.5,12.5,71.3,6.3,0,0,65,6.2,0,1
3,0,79,14,72.8,7.5,0,0.3,65,6.2,0,1
3,0,83,18,77.3,12.2,0,0.1,65,5.7,0,1
3,0,99.9,34.9,99.9,34.9,0,0,65,0,0,1
3,0,79,14,76.1,11.6,-0.5,0,65,2.4,0,1
3,0,72.7,7.7,70.5,5.8,-0.5,0.2,65,1.7,0,1
3,0,80.6,15.6,73.6,8.9,-0.5,0.2,65,6.5,0,1
3,0,79.7,14.7,73,8.3,-0.5,0.2,65,6.2,0,1
3,0,79.9,14.9,73.7,9,-0.5,0.2,65,5.7,0,1
3,0,77.1,12.1,71.3,6.6,-0.5,0.2,65,5.3,0,1
3,0,78.3,13.3,71.8,7.1,-0.5,0.2,65,6,0,1
3,0,77,12,71.2,6.5,-0.5,0.2,65,5.3,0,1
3,0,77.3,12.3,71.3,6.6,-0.5,0.2,65,5.5,0,1
3,0,77.8,12.8,71.9,7.2,-0.5,0.2,65,5.4,0,1
3,0,76.8,11.8,70.9,6.2,-0.5,0.2,65,5.4,0,1
3,0,76.1,11.1,71.1,6.4,-0.5,0.2,65,4.5,0,1
3,0,77.7,12.7,71.5,6.8,-0.5,0.2,65,5.7,0,1
3,0,80.6,15.6,74.7,10,-0.5,0.2,65,5.4,0,1
3,0,80.4,15.4,74.3,9.6,-0.5,0.2,65,5.6,0,1
3,0,80,15,73.9,9.2,-0.5,0.2,65,5.6,0,1
3,0,86.4,21.4,79.7,15,-0.5,0.2,65,6.2,0,1
3,0,83,18.1,76.7,12.1,-0.5,0.2,65,5.8,0,1
3,0,81.6,16.6,76,11.3,-0.5,0.2,65,5.1,0,1
3,0,80.4,15.3,74.1,9.4,-0.5,0.1,65,5.8,0,1
3,0,80.7,15.7,75.2,10.5,-0.5,0.2,65,5,0,1
3,0,81.8,16.8,75.7,11.1,-0.5,0.1,65,5.6,0,1
3,0,78.6,13.6,72.7,8.1,-0.5,0.1,65,5.4,0,1
3,0,80.1,15.1,73.8,9.1,-0.5,0.2,65,5.8,0,1
3,0,79.9,14.9,73.2,8.6,-0.5,0.1,65,6.2,0,1
3,0,76.5,11.5,70.6,6,-0.5,0.1,65,5.4,0,1
3,0,77.3,12.3,71,6.4,-0.5,0.1,65,5.8,0,1
3,0,76.2,11.2,70.4,5.8,-0.5,0.1,65,5.3,0,1
3,0,78.7,13.7,72.4,7.8,-0.5,0.1,65,5.8,0,1
3,0,81.6,16.6,75.2,10.5,-0.5,0.2,65,5.9,0,1
3,0,79.8,14.8,73.9,9.2,-0.5,0.2,65,5.4,0,1
3,0,81.1,16,74.9,10.2,-0.5,0.1,65,5.7,0,1
3,0,79.4,14.4,73.9,9,-0.5,0.4,65,5,0,1
3,0,78,13.1,71.8,6.6,-0.5,0.8,65,5.7,0,1
3,0,82.9,17.8,76.6,10.2,-0.5,1.8,65,5.8,0,1
3,0,84.9,19.9,79.5,13.8,-0.5,1.2,65,4.9,0,1
3,0,68.1,3.2,66.9,2.4,-0.5,0.1,65,0.7,0,1
3,0,83.9,18.8,79,14.3,-0.5,0.1,65,4.4,0,1
3,0,85.8,20.7,78.5,13.8,-0.5,0.1,65,6.8,0,1
3,0,86.1,21.1,80.2,15.6,-0.5,0.1,65,5.4,0,1
3,0,86,21,79.5,14.9,-0.5,0.1,65,6,0,1
3,0,97.7,32.7,86.1,21.4,-0.5,0.2,65,11.1,0,1
3,0,91.5,26.6,82.7,18.1,-0.5,0.2,65,8.3,0,1
3,0,87.4,22.4,81.2,16.6,-0.5,0.1,65,5.7,0,1
3,0,85.1,20.1,79.1,14.5,-0.5,0.1,65,5.5,0,1
3,0,89.7,24.7,83.3,18.7,-0.5,0.1,65,5.9,0,1
3,0,98.4,33.5,92.4,27.8,-0.5,0.2,65,5.5,0,1
3,0,95.9,30.9,89.6,25,-0.5,0.1,65,5.8,0,1
3,0,93,28,87.2,22.6,-0.5,0.1,65,5.3,0,1
3,0,81.1,16,75.1,10.4,-0.5,0.1,65,5.5,0,1
3,0,88.6,23.5,82.3,17.6,-0.5,0.1,65,5.8,0,1
3,0,86.2,21.3,79.5,14.7,-0.5,0.4,65,6.2,0,1
3,0,77.7,12.7,71.1,6.3,-0.5,0.3,65,6.1,0,1
3,0,81.7,16.7,75.6,11,-0.5,0.1,65,5.6,0,1
3,0,82.2,17.2,75.4,10.3,-0.5,0.6,65,6.3,0,1
3,0,77.5,12.5,71.5,6.8,-0.5,0.2,65,5.5,0,1
3,0,85.4,20.4,79.4,14.8,-0.5,0.1,65,5.5,0,1
3,0,80.1,15.1,73.9,9.2,-0.5,0.2,65,5.7,0,1
3,0,77.8,12.8,71.7,7,-0.5,0.2,65,5.6,0,1
3,0,82.5,17.5,75.8,11.2,-0.5,0.1,65,6.2,0,1
3,0,92.2,27.2,86.1,21.5,-0.5,0.1,65,5.6,0,1
3,0,84.6,19.6,79.5,14.9,-0.5,0.1,65,4.6,0,1
3,0,93.9,29,87.5,22.9,-0.5,0.2,65,5.9,0,1
3,0,84.9,19.9,77.8,13.1,-0.5,0.2,65,6.6,0,1
3,0,77.6,12.6,71.6,6.8,-0.5,0.3,65,5.5,0,1
3,0,78.4,13.5,72.4,7.7,-0.5,0.3,65,5.5,0,1
3,0,80.9,15.9,74.1,9.4,-0.5,0.2,65,6.3,0,1
3,0,78.7,13.7,72,7.3,-0.5,0.2,65,6.2,0,1
3,0,86.4,21.3,79.9,14.9,-0.5,0.4,65,6,0,1
3,0,85.4,20.4,78.4,13.8,-0.5,0.1,65,6.5,0,1
3,0,81.2,16.2,74.3,9.6,-0.5,0.2,65,6.4,0,1
3,0,79.9,14.9,74,9.4,-0.5,0.1,65,5.4,0,1
3,0,86.3,21.3,79,14.3,-0.5,0.2,65,6.8,0,1
3,0,95.9,30.9,89.2,24.4,-0.5,0.3,65,6.2,0,1
3,0,104.6,39.5,98.9,34.3,-0.5,0,65,5.2,0,1
3,0,100.5,35.5,93.3,28.6,-0.5,0.2,65,6.7,0,1
3,0,100,35,92.1,27.5,-0.5,0.1,65,7.4,0,1
3,0,82.1,17.1,75.1,10.3,-0.5,0.3,65,6.5,0,1
3,0,80.1,15.1,75.4,10.7,-0.5,0.2,65,4.2,0,1
3,0,80.6,15.6,73.5,8.9,-0.5,0.1,65,6.6,0,1
3,0,86.7,21.7,79.6,14.9,-0.5,0.2,65,6.6,0,1
3,0,89.5,24.5,81,16.1,-0.5,0.4,65,8,0,1
3,0,91,26,84.5,19.9,-0.5,0.1,65,6,0,1
3,0,92.3,27.4,84.8,20.2,-0.5,0.2,65,7,0,1
3,0,92.3,27.3,85.4,20.7,-0.5,0.2,65,6.4,0,1
3,0,102.8,37.9,95.2,30.6,-0.5,0.2,65,7.1,0,1
3,0,92.6,27.7,86.4,21.9,-0.5,0.1,65,5.7,0,1
3,0,97.6,32.6,89.6,25,-0.5,0.1,65,7.5,0,1
3,0,95.2,30.1,87.4,22.8,-0.5,0,65,7.3,0,1
3,0,96.6,31.6,88.9,24.4,-0.5,0,65,7.2,0,1
3,0,96.6,31.6,88.2,23.7,-0.5,0,65,7.9,0,1
3,0,95.3,30.3,87.2,22.7,-0.5,0,65,7.6,0,1
3,0,96.3,31.3,87.6,23.1,-0.5,0,65,8.2,0,1
3,0,95.4,30.4,87.6,23.1,-0.5,0,65,7.3,0,1
3,0,81.6,16.6,75.9,11,-0.5,0.4,65,5.2,0,1
3,0,82.9,17.8,76.8,11.9,-0.5,0.3,65,5.6,0,1
3,0,83.8,18.8,77.5,12.9,-0.5,0.1,65,5.8,0,1
3,0,84.1,19.1,78,13.4,-0.5,0.1,65,5.6,0,1
3,0,86.4,21.3,80,15.4,-0.5,0,65,5.9,0,1
3,0,78.8,13.8,72.3,7.8,-0.5,0,65,6,0,1
3,0,82.7,17.7,76.8,12.1,-0.5,0.2,65,5.4,0,1
3,0,85,19.9,79,14.2,-0.5,0.2,65,5.5,0,1
3,0,77.5,12.5,71.4,6.9,-0.5,0,65,5.6,0,1
3,0,77.9,12.9,71.9,7.4,-0.5,0,65,5.5,0,1
3,0,75.9,10.9,70.3,5.8,-0.5,0,65,5.1,0,1
3,0,76.3,11.3,70.3,5.8,-0.5,0,65,5.5,0,1
3,0,76.5,11.5,70.3,5.8,-0.5,0,65,5.7,0,1
3,0,76.5,11.5,70.5,6,-0.5,0,65,5.5,0,1
3,0,75.6,10.6,70,5.5,-0.5,0,65,5.1,0,1
3,0,75.6,10.6,69.8,5.3,-0.5,0,65,5.3,0,1
3,0,75.7,10.7,70,5.5,-0.5,0,65,5.2,0,1
3,0,75.9,10.8,70.4,5.8,-0.5,0,65,5,0,1
3,0,77.4,12.4,71.3,6.8,-0.5,0,65,5.6,0,1
3,0,77.9,12.9,71.5,7,-0.5,0,65,5.9,0,1
3,0,76.4,11.3,70.8,6.2,-0.5,0,65,5.1,0,1
3,0,75.3,10.3,69.8,5.3,-0.5,0,65,5,0,1
3,0,75.8,10.8,70,5.5,-0.5,0,65,5.3,0,1
3,0,77.1,12.1,71.3,6.8,-0.5,0,65,5.3,0,1
3,0,85.9,20.9,74.9,10.4,-0.5,0,65,10.5,0,0
3,0,95.8,30.8,79.3,14.8,-0.5,0,65,16,0,0
3,0,106.9,41.9,90.8,26.2,-0.5,0.1,65,15.6,0,0
3,0,114.6,49.7,96.4,31.9,-0.5,0.1,65,17.7,0,0
3,0,102,37,88.5,24,-0.5,0,65,13,0,0
3,0,95.1,30.1,77,12.5,-0.5,0,65,17.6,1,1
3,0,104.7,39.7,85.6,21.1,-0.5,0,65,18.6,1,1
3,0,123.1,58,97.2,32,0,0.1,65,25.9,1,1
3,0,121.4,56.4,100,35,0,0,65,21.4,1,1
3,0,117.8,52.9,96.5,31.5,0,0.1,65,21.3,1,1
3,0,100,35,99.4,34.9,-0.5,0,65,0.1,1,1
3,0,114.8,49.8,99.6,35,-0.5,0.1,65,14.7,1,1
3,0,119.8,54.7,97.9,33.2,-0.5,0.1,65,21.4,1,1
3,0,112.3,47.3,98.9,34.3,-0.5,0.1,65,12.9,1,1
3,0,114.6,49.6,99.6,35,-0.5,0.1,65,14.5,1,1
2,1,43,28,43,28,0,0,15,0,1,1
2,1,69.5,54.5,42.5,27.4,0,0.1,15,27,1,2
2,1,69.7,54.7,42.5,27.4,0,0.1,15,27.2,1,2
2,1,68.8,53.8,41.9,26.8,0,0.1,15,26.9,1,2
2,1,69,54,42.3,27.2,0,0.1,15,26.7,1,2
2,1,68.5,53.4,41.8,26.7,0,0,15,26.7,1,2
2,1,41.9,26.9,41.9,26.9,0,0,15,0,1,2
2,1,69.2,54.2,42.3,27.3,0,0,15,26.9,1,2
2,1,69.7,54.7,42.6,27.6,0,0,15,27.1,1,2
2,1,67.8,52.8,41.5,26.5,0,0,15,26.3,1,2
2,1,69.9,54.9,42.6,27.6,0,0,15,27.3,1,2
2,1,70.5,55.4,42.8,27.7,0,0,15,27.7,1,2
2,1,70.6,55.5,42.9,27.8,0,0,15,27.7,1,2
2,1,69.4,54.4,42.2,27.2,0,0,15,27.2,1,2
2,1,69.3,54.3,42.6,27.6,0,0,15,26.7,1,2
2,1,68.8,53.8,41.9,26.9,0,0,15,26.9,1,2
2,1,70.2,55.2,42.9,27.8,0,0.1,15,27.3,1,2
2,1,67.1,52.1,42.3,27.2,0,0.1,15,24.8,1,2
2,1,67.8,52.8,41.9,26.9,0,0,15,25.9,1,2
2,1,65.5,50.5,41.4,26.4,0,0,15,24.1,1,2
2,1,69.1,54.1,42.8,27.8,0,0,15,26.3,1,2
2,1,67.1,52.1,42,27,0,0,15,25.1,1,2
2,1,69.4,54.4,42.9,27.9,0,0,15,26.5,1,2
2,1,66.5,51.5,41.8,26.8,0,0,15,24.7,1,2
2,1,67.1,52.1,42.2,27.2,0,0,15,24.9,1,2
2,1,68.6,53.5,42.8,27.7,0,0,15,25.8,1,2
2,1,65.5,50.5,41.5,26.5,0,0,15,24,1,2
2,1,65.4,50.4,41,26,0,0,15,24.4,1,2
2,1,66.8,51.8,42.2,27.2,0,0,15,24.6,1,2
2,1,63.1,48,42.6,27.5,0,0,15,20.5,1,2
2,1,65.1,50.1,41.1,26.1,0,0,15,24,1,2
2,1,65.9,50.9,42.4,27.4,0,0,15,23.5,1,2
2,1,65.6,50.6,41,26,0,0,15,24.6,1,2
2,1,67.3,52.3,42,27,0,0,15,25.3,1,2
2,1,63.9,48.9,41.3,26.3,0,0,15,22.6,1,2
2,1,65.9,50.9,41.9,26.9,0,0,15,24,1,2
2,1,64.6,49.6,41.2,26.2,0,0,15,23.4,1,2
2,1,68,52.9,42.6,27.5,0,0,15,25.4,1,2
2,1,42.6,27.6,42.4,27.4,0,0,15,0.2,1,2
2,1,68.4,53.4,42.9,27.9,0,0,15,25.5,1,2
2,1,68.7,53.7,43,28,0,0,15,25.7,1,2
2,1,68.9,53.9,42.7,27.7,0,0,15,26.2,1,2
2,1,69.1,54.1,42.8,27.8,0,0,15,26.3,1,2
2,1,68.8,53.8,42.6,27.6,0,0,15,26.2,1,2
2,1,68.9,53.9,42.7,27.7,0,0,15,26.2,1,2
2,1,68.4,53.4,42.8,27.8,0,0,15,25.6,1,2
2,1,68,53,42.2,27.2,0,0,15,25.8,1,2
2,1,68.2,53.2,42.9,27.9,0,0,15,25.3,1,2
2,1,69.2,54.2,43,28,0,0,15,26.2,1,2
2,1,68.9,53.9,43,28,0,0,15,25.9,1,2
2,1,67.8,52.8,43,28,0,0,15,24.8,1,2
2,1,68.7,53.7,43,28,0,0,15,25.7,1,2
2,1,68.3,53.3,43,28,0,0,15,25.3,1,2
2,1,66.3,51.3,42.7,27.7,0,0,15,23.6,1,2
2,1,66.1,51.1,42.4,27.4,0,0,15,23.7,1,2
2,1,66.5,51.5,42.5,27.5,0,0,15,24,1,2
2,1,66.1,51.1,42.4,27.3,0,0.1,15,23.7,1,2
2,1,61,46,43.1,28,0,0.1,15,17.9,1,2
2,1,63.4,48.4,42.9,27.9,0,0,15,20.5,1,2
2,1,65.1,50.1,41.9,26.9,0,0,15,23.2,1,2
2,1,64.8,49.8,42.7,27.6,0,0.1,15,22.1,1,2
2,1,64.6,49.6,42,27,0,0,15,22.6,1,2
2,1,66.4,51.4,41.7,26.6,0,0.1,15,24.7,1,2
2,1,67.4,52.4,43,28,0,0,15,24.4,1,2
2,1,65.3,50.3,41.6,26.6,0,0,15,23.7,1,2
2,1,66.7,51.7,42.2,27.2,0,0,15,24.5,1,2
2,1,66.6,51.6,42.2,27.2,0,0,15,24.4,1,2
2,1,66.4,51.4,42.4,27.4,0,0,15,24,1,2
2,1,67.1,52.1,42.9,27.9,0,0,15,24.2,1,2
2,1,66.1,51.1,41.8,26.8,0,0,15,24.3,1,2
2,1,65.4,50.4,41.6,26.6,0,0,15,23.8,1,2
2,1,66.1,51.1,42.6,27.6,0,0,15,23.5,1,2
2,1,65.6,50.6,41.9,26.9,0,0,15,23.7,1,2
2,1,64.4,49.4,41.6,26.6,0,0,15,22.8,1,2
2,1,64.6,49.6,41.7,26.7,0,0,15,22.9,1,2
2,1,66.6,51.6,42,27,0,0,15,24.6,1,2
2,1,68,53,42.5,27.5,0,0,15,25.5,1,2
2,1,66.7,51.6,42.6,27.5,0,0,15,24.1,1,2
2,1,65.7,50.7,41.8,26.7,0,0.1,15,23.9,1,2
2,1,67.1,52.1,41.6,26.6,0,0,15,25.5,1,2
2,1,67.3,52.2,42.6,27.5,0,0,15,24.7,1,2
2,1,66.5,51.5,42.2,27.2,0,0,15,24.3,1,2
2,1,65.4,50.3,42.6,27.5,0,0,15,22.8,1,2
2,1,68.2,53.2,42.8,27.8,0,0,15,25.4,1,2
2,1,65.9,50.9,41.9,26.9,0,0,15,24,1,2
2,1,65.7,50.7,41.9,26.9,0,0,15,23.8,1,2
2,1,64.8,49.8,42.2,27.2,0,0,15,22.6,1,2
2,1,67.7,52.8,42.7,27.6,0,0.2,15,25,1,2
2,1,65.3,50.3,42.1,26.9,0,0.2,15,23.2,1,2
2,1,68,53,42.9,27.7,0,0.2,15,25.1,1,2
2,1,64.7,49.6,42.9,27.7,0,0.1,15,21.8,1,2
2,1,65.6,50.6,41.9,26.8,0,0.1,15,23.7,1,2
2,1,66.6,51.6,42.5,27.5,0,0,15,24.1,1,2
2,1,67.5,52.5,42.5,27.5,0,0,15,25,1,2
2,1,67.7,52.7,42.7,27.7,0,0,15,25,1,2
2,1,67.2,52.1,42.5,27.4,0,0,15,24.7,1,2
2,1,65.8,50.8,41.5,26.5,0,0,15,24.3,1,2
2,1,65.3,50.3,41.7,26.7,0,0,15,23.6,1,2
2,1,68.2,53.2,43,28,0,0,15,25.2,1,2
2,1,66,51,42,27,0,0,15,24,1,2
2,1,65.5,50.5,42.8,27.8,0,0,15,22.7,1,2
2,1,64.3,49.3,42.2,27.2,0,0,15,22.1,1,2
2,1,68.2,53.2,42.5,27.5,0,0,15,25.7,1,2
2,1,68.2,53.1,42.6,27.5,0,0,15,25.6,1,2
2,1,66,50.9,41.7,26.6,0,0,15,24.3,1,2
2,1,64.8,49.8,41.3,26.3,0,0,15,23.5,1,2
2,1,66.7,51.7,43.1,28,0,0.1,15,23.6,1,2
2,1,60.1,45.1,43.1,28,0,0.1,15,17,1,2
2,1,64.6,49.6,41.8,26.8,0,0,15,22.8,1,2
2,1,64.4,49.4,41.4,26.4,0,0,15,23,1,2
2,1,64.4,49.3,41.8,26.7,0,0,15,22.6,1,2
2,1,65.6,50.6,42,27,0,0,15,23.6,1,2
2,1,68,53,42.6,27.6,0,0,15,25.4,1,2
2,1,67.6,52.6,42.7,27.7,0,0,15,24.9,1,2
2,1,65.3,50.3,42.6,27.6,0,0,15,22.7,1,2
2,1,65,50,42,27,0,0,15,23,1,2
2,1,66.3,51.3,42.7,27.7,0,0,15,23.6,1,2
2,1,66.8,51.7,42.6,27.5,0,0,15,24.2,1,2
2,1,65,50,42.1,27.1,0,0,15,22.9,1,2
2,1,64.5,49.5,42.9,27.9,0,0,15,21.6,1,2
2,1,62.9,48,41.6,26.6,0,0.1,15,21.3,1,2
2,1,66.5,51.5,42.4,27.4,0,0,15,24.1,1,2
2,1,66,51,42.6,27.6,0,0,15,23.4,1,2
2,1,66.4,51.4,42.7,27.7,0,0,15,23.7,1,2
2,1,66.3,51.3,41.9,26.9,0,0,15,24.4,1,2
2,1,67.3,52.3,42.2,27.2,0,0,15,25.1,1,2
2,1,67,52,41.8,26.8,0,0,15,25.2,1,2
2,1,67.2,52.2,42.2,27.2,0,0,15,25,1,2
2,1,67.3,52.3,41.9,26.9,0,0,15,25.4,1,2
2,1,67.6,52.6,42.5,27.5,0,0,15,25.1,1,2
2,1,69.1,54.1,42.6,27.6,0,0,15,26.5,1,2
2,1,67.2,52.2,42.1,27.1,0,0,15,25.1,1,2
2,1,67.3,52.3,42.4,27.4,0,0,15,24.9,1,2
2,1,66.9,51.9,42.2,27.2,0,0,15,24.7,1,2
2,1,67.4,52.4,42.1,27.1,0,0,15,25.3,1,2
2,1,64.3,49.3,41.2,26.2,0,0,15,23.1,1,2
2,1,66.4,51.4,41.4,26.4,0,0,15,25,1,2
2,1,67.5,52.5,42.7,27.7,0,0,15,24.8,1,2
2,1,67.7,52.7,42.2,27.2,0,0,15,25.5,1,2
2,1,68.7,53.6,42.6,27.5,0,0,15,26.1,1,2
2,1,66,51,41.9,26.9,0,0,15,24.1,1,2
2,1,67.3,52.3,42.3,27.3,0,0,15,25,1,2
2,1,42.7,27.7,42.6,27.6,0,0,15,0.1,1,2
2,1,66.2,51.2,41.6,26.6,0,0,15,24.6,1,2
2,1,64.6,49.6,41.2,26.2,0,0,15,23.4,1,2
2,1,67.4,52.4,42.5,27.5,0,0,15,24.9,1,2
2,1,67.9,52.9,42.7,27.7,0,0,15,25.2,1,2
2,1,68.6,53.6,42.6,27.6,0,0,15,26,1,2
2,1,59.3,44.3,38.4,23.4,0,0,15,20.9,1,2
2,1,66.9,51.8,42.6,27.5,0,0,15,24.3,1,2
2,1,67.1,52.1,42.6,27.6,0,0,15,24.5,1,2
2,1,66.5,51.5,41.9,26.9,0,0,15,24.6,1,2
2,1,67.4,52.3,42.7,27.6,0,0,15,24.7,1,2
2,1,67.3,52.3,42.1,27.1,0,0,15,25.2,1,2
2,1,67.9,52.9,42.3,27.3,0,0,15,25.6,1,2
2,1,68.8,53.8,42.8,27.8,0,0,15,26,1,2
2,1,65,50,41.6,26.6,0,0,15,23.4,1,2
2,1,68.5,53.5,42.4,27.4,0,0,15,26.1,1,2
2,1,66,51,41.3,26.3,0,0,15,24.7,1,2
2,1,69.2,54.2,42.9,27.9,0,0,15,26.3,1,2
2,1,67.7,52.6,42.6,27.5,0,0,15,25.1,1,2
2,1,65.6,50.6,41.2,26.2,0,0,15,24.4,1,2
2,1,68.4,53.4,42.4,27.4,0,0,15,26,1,2
2,1,65,49.9,41.5,26.4,0,0,15,23.5,1,2
2,1,66.9,51.9,42.2,27.2,0,0,15,24.7,1,2
2,1,66,51,41.6,26.6,0,0,15,24.4,1,2
2,1,67.1,52.1,42.5,27.5,0,0,15,24.6,1,2
2,1,66.7,51.7,42.3,27.3,0,0,15,24.4,1,2
2,1,66.2,51.2,42.6,27.6,0,0,15,23.6,1,2
2,1,65.3,50.3,42.1,27.1,0,0,15,23.2,1,2
2,1,66.3,51.3,42.3,27.3,0,0,15,24,1,2
2,1,67,51.9,41.6,26.5,0,0,15,25.4,1,2
2,1,66.4,51.4,41.8,26.8,0,0,15,24.6,1,2
2,1,64.9,49.9,42.9,27.9,0,0,15,22,1,2
2,1,63.8,48.8,43,28,0,0,15,20.8,1,2
2,1,67.9,52.8,42.8,27.7,0,0,15,25.1,1,2
2,1,67.9,52.8,42.6,27.5,0,0,15,25.3,1,2
2,1,65.8,50.8,42.2,27.2,0,0,15,23.6,1,2
2,1,67.1,52.1,42.5,27.5,0,0,15,24.6,1,2
2,1,66.6,51.6,42.6,27.6,0,0,15,24,1,2
2,1,64.7,49.7,42.4,27.4,0,0,15,22.3,1,2
2,1,65.4,50.4,42.5,27.5,0,0,15,22.9,1,2
2,1,67.8,52.8,42.7,27.7,0,0,15,25.1,1,2
2,1,66.4,51.4,42.5,27.5,0,0,15,23.9,1,2
2,1,66,51,41.5,26.5,0,0,15,24.5,1,2
2,1,66.5,51.5,42.4,27.4,0,0,15,24.1,1,2
2,1,66.4,51.4,42.2,27.2,0,0,15,24.2,1,2
2,1,66.6,51.6,42.1,27.1,0,0,15,24.5,1,2
2,1,66,51,41.9,26.9,0,0,15,24.1,1,2
2,1,66.6,51.6,41.9,26.9,0,0,15,24.7,1,2
2,1,67.3,52.2,42.7,27.6,0,0,15,24.6,1,2
2,1,65.7,50.7,42.1,27.1,0,0,15,23.6,1,2
2,1,66.6,51.6,42.6,27.6,0,0,15,24,1,2
2,1,66.7,51.7,42,27,0,0,15,24.7,1,2
2,1,66.4,51.4,42.6,27.6,0,0,15,23.8,1,2
2,1,67.9,52.9,42.7,27.7,0,0,15,25.2,1,2
2,1,67.4,52.4,42.2,27.2,0,0,15,25.2,1,2
2,1,66.9,51.9,42.3,27.3,0,0,15,24.6,1,2
2,1,67.8,52.8,42.4,27.4,0,0,15,25.4,1,2
2,1,67.9,52.9,42.8,27.8,0,0,15,25.1,1,2
2,1,67.6,52.5,42.7,27.6,0,0,15,24.9,1,2
2,1,67.2,52.2,42.7,27.7,0,0,15,24.5,1,2
2,1,67.2,52.2,42.6,27.6,0,0,15,24.6,1,2
2,1,67.2,52.2,42.8,27.8,0,0,15,24.4,1,2
2,1,68.1,53.1,43,28,0,0,15,25.1,1,2
2,1,68.2,53.2,42.8,27.8,0,0,15,25.4,1,2
2,1,42.6,27.6,42.6,27.6,0,0,15,0,1,2
2,1,66.3,51.3,42.5,27.5,0,0,15,23.8,1,2
2,1,66.7,51.6,42.2,27.1,0,0,15,24.5,1,2
2,1,68.1,53.1,42.8,27.8,0,0,15,25.3,1,2
2,1,68,53,42.9,27.9,0,0,15,25.1,1,2
2,1,67.9,52.9,42.7,27.7,0,0,15,25.2,1,2
2,1,66.6,51.6,42.3,27.3,0,0,15,24.3,1,2
2,1,67.5,52.4,42.5,27.4,0,0,15,25,1,2
2,1,66.3,51.3,42.4,27.4,0,0,15,23.9,1,2
2,1,68.5,53.5,42.5,27.5,0,0,15,26,1,2
2,1,67,52,42.3,27.3,0,0,15,24.7,1,2
3,0,85.9,20.9,74.9,10.4,-0.5,0,65,10.5,0,0
3,0,95.8,30.8,79.3,14.8,-0.5,0,65,16,0,0
3,0,106.9,41.9,90.8,26.2,-0.5,0.1,65,15.6,0,0
3,0,114.6,49.7,96.4,31.9,-0.5,0.1,65,17.7,0,0
3,0,102,37,88.5,24,-0.5,0,65,13,0,0
3,0,85.9,20.9,74.9,10.4,-0.5,0,65,10.5,0,0
3,0,95.8,30.8,79.3,14.8,-0.5,0,65,16,0,0
3,0,106.9,41.9,90.8,26.2,-0.5,0.1,65,15.6,0,0
3,0,114.6,49.7,96.4,31.9,-0.5,0.1,65,17.7,0,0
3,0,102,37,88.5,24,-0.5,0,65,13,0,0
3,0,85.9,20.9,74.9,10.4,-0.5,0,65,10.5,0,0
3,0,95.8,30.8,79.3,14.8,-0.5,0,65,16,0,0
3,0,106.9,41.9,90.8,26.2,-0.5,0.1,65,15.6,0,0
3,0,114.6,49.7,96.4,31.9,-0.5,0.1,65,17.7,0,0
3,0,102,37,88.5,24,-0.5,0,65,13,0,0
