TimeStamp (ms), Total Power (W), CPU (W), Monitor (W), Disk (W), Base (W), Application (W)
63756930598814,18.4,3.4,0.0,0.0,15.0,--
63756930599835,16.7,1.7,0.0,0.0,15.0,--
63756930600845,16.6,1.6,0.0,0.0,15.0,--
63756930601877,17.0,2.0,0.0,0.0,15.0,--
63756930602892,16.4,1.4,0.0,0.0,15.0,--
63756930603909,17.2,2.2,0.0,0.0,15.0,--
63756930604925,21.2,6.1,0.0,0.0,15.0,--
63756930605938,16.3,1.3,0.0,0.0,15.0,--
63756930606975,17.3,2.3,0.0,0.0,15.0,--
63756930607989,18.0,3.0,0.0,0.0,15.0,--
63756930609022,18.4,3.4,0.0,0.0,15.0,--
63756930610037,16.4,1.4,0.0,0.0,15.0,--
63756930611052,17.0,2.0,0.0,0.0,15.0,--
63756930612083,17.3,2.3,0.0,0.0,15.0,--
63756930613115,17.3,2.3,0.0,0.0,15.0,--
63756930614127,17.9,2.9,0.0,0.0,15.0,--
63756930615145,18.1,3.1,0.0,0.0,15.0,--
63756930616151,20.5,5.5,0.0,0.0,15.0,--
63756930617189,21.0,6.0,0.0,0.0,15.0,--
63756930618190,20.1,5.1,0.0,0.0,15.0,--
63756930619206,22.1,7.0,0.0,0.0,15.0,--
63756930620206,25.4,10.4,0.0,0.0,15.0,--
63756930621206,26.8,11.8,0.0,0.0,15.0,--
63756930622205,21.3,6.3,0.0,0.0,15.0,--
63756930623219,20.1,5.1,0.0,0.0,15.0,--
63756930624224,25.6,10.6,0.0,0.0,15.0,--
63756930625249,19.0,4.0,0.0,0.0,15.0,--
63756930626253,19.3,4.3,0.0,0.0,15.0,--
63756930627266,20.2,5.2,0.0,0.0,15.0,--
63756930628298,18.5,3.5,0.0,0.0,15.0,--
63756930629313,20.0,5.0,0.0,0.0,15.0,--
63756930630313,23.0,8.0,0.0,0.0,15.0,--
63756930631342,29.0,14.0,0.0,0.0,15.0,--
63756930632348,23.8,8.8,0.0,0.0,15.0,--
63756930633397,20.9,5.9,0.0,0.0,15.0,--
63756930634391,21.0,6.0,0.0,0.0,15.0,--
63756930635396,24.0,9.0,0.0,0.0,15.0,--
63756930636397,19.8,4.8,0.0,0.0,15.0,--
63756930637407,23.2,8.2,0.0,0.0,15.0,--
63756930638422,20.4,5.4,0.0,0.0,15.0,--
63756930639438,19.6,4.6,0.0,0.0,15.0,--
63756930640472,19.7,4.7,0.0,0.0,15.0,--
63756930641502,19.4,4.4,0.0,0.0,15.0,--
63756930642530,17.6,2.6,0.0,0.0,15.0,--
63756930643549,15.9,0.9,0.0,0.0,15.0,--
63756930644594,15.7,0.7,0.0,0.0,15.0,--
63756930645616,16.3,1.3,0.0,0.0,15.0,--
63756930646628,16.0,1.0,0.0,0.0,15.0,--
63756930647649,15.6,0.6,0.0,0.0,15.0,--
63756930648688,16.6,1.6,0.0,0.0,15.0,--
63756930649705,16.5,1.5,0.0,0.0,15.0,--
63756930650731,15.8,0.8,0.0,0.0,15.0,--
63756930651737,16.0,1.0,0.0,0.0,15.0,--
63756930652769,15.6,0.6,0.0,0.0,15.0,--
63756930653804,16.3,1.3,0.0,0.0,15.0,--
63756930654814,15.9,0.9,0.0,0.0,15.0,--
63756930655839,16.7,1.7,0.0,0.0,15.0,--
63756930656850,21.7,6.7,0.0,0.0,15.0,--
63756930657847,20.9,5.7,0.0,0.2,15.0,--
63756930658898,16.4,1.4,0.0,0.0,15.0,--
63756930659913,15.9,0.9,0.0,0.0,15.0,--
63756930661017,19.7,4.7,0.0,0.0,15.0,--
63756930662046,16.1,1.1,0.0,0.0,15.0,--
63756930663102,16.0,1.0,0.0,0.0,15.0,--
63756930664115,15.7,0.7,0.0,0.0,15.0,--
63756930665126,15.5,0.5,0.0,0.0,15.0,--
63756930666146,16.2,1.2,0.0,0.0,15.0,--
63756930667146,16.2,1.2,0.0,0.0,15.0,--
63756930668173,16.4,1.4,0.0,0.0,15.0,--
63756930669207,21.6,6.6,0.0,0.0,15.0,--
63756930670206,21.2,6.2,0.0,0.0,15.0,--
63756930671207,16.1,1.1,0.0,0.0,15.0,--
63756930672221,15.8,0.8,0.0,0.0,15.0,--
63756930673274,15.6,0.6,0.0,0.0,15.0,--
63756930674286,20.4,5.4,0.0,0.0,15.0,--
63756930675313,20.0,5.0,0.0,0.0,15.0,--
63756930676314,21.4,6.4,0.0,0.0,15.0,--
63756930677314,20.4,5.4,0.0,0.0,15.0,--
63756930678327,23.5,8.5,0.0,0.0,15.0,--
63756930679327,18.9,3.8,0.0,0.0,15.0,--
63756930680333,22.6,7.5,0.0,0.0,15.0,--
63756930681344,23.0,8.0,0.0,0.0,15.0,--
63756930682358,21.2,6.2,0.0,0.0,15.0,--
63756930683362,23.5,8.5,0.0,0.1,15.0,--
63756930684365,22.5,7.5,0.0,0.0,15.0,--
63756930685379,20.2,5.2,0.0,0.0,15.0,--
63756930686407,27.4,12.4,0.0,0.0,15.0,--
63756930687411,23.9,8.9,0.0,0.0,15.0,--
63756930688410,23.1,8.1,0.0,0.0,15.0,--
63756930689429,24.3,9.3,0.0,0.0,15.0,--
63756930690436,22.4,7.4,0.0,0.0,15.0,--
63756930691438,22.0,7.0,0.0,0.0,15.0,--
63756930692506,21.7,6.3,0.0,0.5,15.0,--
63756930693503,21.2,6.2,0.0,0.1,15.0,--
63756930694532,22.7,7.6,0.0,0.0,15.0,--
63756930695533,22.3,7.3,0.0,0.0,15.0,--
63756930696544,21.9,6.9,0.0,0.0,15.0,--
63756930697563,19.8,4.8,0.0,0.0,15.0,--
63756930698581,22.6,7.6,0.0,0.0,15.0,--
63756930699603,23.3,8.3,0.0,0.0,15.0,--
63756930700628,20.8,5.8,0.0,0.0,15.0,--
63756930701665,19.8,4.8,0.0,0.0,15.0,--
63756930702691,20.7,5.7,0.0,0.0,15.0,--
63756930703710,20.1,5.1,0.0,0.0,15.0,--
63756930704745,20.1,5.1,0.0,0.0,15.0,--
63756930705767,20.5,5.5,0.0,0.0,15.0,--
63756930706783,16.7,1.7,0.0,0.0,15.0,--
63756930707801,16.6,1.6,0.0,0.0,15.0,--
63756930708813,17.1,2.1,0.0,0.0,15.0,--
63756930709844,18.2,3.2,0.0,0.0,15.0,--
63756930710869,21.4,6.3,0.0,0.0,15.0,--
63756930711896,18.0,3.0,0.0,0.0,15.0,--
63756930712910,18.4,3.4,0.0,0.0,15.0,--
63756930713928,16.6,1.6,0.0,0.0,15.0,--
63756930714940,17.4,2.4,0.0,0.0,15.0,--
63756930715960,16.1,1.1,0.0,0.0,15.0,--
63756930716976,18.9,3.9,0.0,0.0,15.0,--
63756930717987,20.6,5.6,0.0,0.0,15.0,--
63756930719003,21.1,6.0,0.0,0.0,15.0,--
63756930720016,24.0,9.0,0.0,0.0,15.0,--
63756930721032,19.5,4.5,0.0,0.0,15.0,--
63756930722060,21.4,6.4,0.0,0.0,15.0,--
63756930723093,21.8,6.8,0.0,0.0,15.0,--
63756930724146,23.2,8.2,0.0,0.0,15.0,--
63756930725159,24.2,8.6,0.0,0.6,15.0,--
63756930726157,24.2,9.1,0.0,0.0,15.0,--
63756930727175,19.8,4.8,0.0,0.0,15.0,--
63756930728175,20.0,5.0,0.0,0.0,15.0,--
63756930729191,18.0,3.0,0.0,0.0,15.0,--
63756930730209,16.5,1.4,0.0,0.0,15.0,--
63756930731225,16.8,1.7,0.0,0.0,15.0,--
63756930732239,16.5,1.4,0.0,0.0,15.0,--
63756930733251,18.5,3.5,0.0,0.0,15.0,--
63756930734276,16.9,1.8,0.0,0.0,15.0,--
63756930735282,15.7,0.7,0.0,0.0,15.0,--
63756930736298,16.0,1.0,0.0,0.0,15.0,--
63756930737315,15.6,0.5,0.0,0.0,15.0,--
63756930738331,15.4,0.4,0.0,0.0,15.0,--
63756930739347,15.9,0.9,0.0,0.0,15.0,--
63756930740364,15.8,0.8,0.0,0.0,15.0,--
63756930741375,16.4,1.4,0.0,0.0,15.0,--
63756930742391,16.0,1.0,0.0,0.0,15.0,--
63756930743408,16.0,1.0,0.0,0.0,15.0,--
63756930744427,15.9,0.9,0.0,0.0,15.0,--
63756930745440,16.8,1.8,0.0,0.0,15.0,--
63756930746456,16.4,1.4,0.0,0.0,15.0,--
63756930747475,15.8,0.8,0.0,0.0,15.0,--
63756930748490,15.6,0.6,0.0,0.0,15.0,--
63756930749521,15.9,0.9,0.0,0.0,15.0,--
63756930750538,18.1,3.1,0.0,0.0,15.0,--
63756930751549,23.8,8.8,0.0,0.0,15.0,--
63756930752554,23.0,8.0,0.0,0.0,15.0,--
63756930753562,22.8,7.8,0.0,0.0,15.0,--
63756930754562,22.2,7.2,0.0,0.0,15.0,--
63756930755562,22.8,7.8,0.0,0.0,15.0,--
63756930756562,26.0,10.9,0.0,0.0,15.0,--
63756930757566,21.8,6.8,0.0,0.0,15.0,--
63756930758596,23.5,8.5,0.0,0.0,15.0,--
63756930759596,18.7,3.7,0.0,0.0,15.0,--
63756930760624,19.2,4.2,0.0,0.0,15.0,--
63756930761654,17.9,2.9,0.0,0.0,15.0,--
63756930762663,20.2,5.2,0.0,0.0,15.0,--
63756930763672,19.8,4.8,0.0,0.0,15.0,--
63756930764689,16.5,1.5,0.0,0.0,15.0,--
63756930765738,17.9,2.9,0.0,0.0,15.0,--
63756930766782,16.4,1.4,0.0,0.0,15.0,--
63756930767805,17.5,2.5,0.0,0.0,15.0,--
63756930768813,17.4,2.4,0.0,0.0,15.0,--
63756930769828,16.5,1.5,0.0,0.0,15.0,--
63756930770844,16.6,1.6,0.0,0.0,15.0,--
63756930771870,23.8,8.8,0.0,0.0,15.0,--
63756930772876,23.1,8.1,0.0,0.0,15.0,--
63756930773875,23.3,8.3,0.0,0.0,15.0,--
63756930774876,20.9,5.9,0.0,0.0,15.0,--
63756930775877,22.9,7.9,0.0,0.0,15.0,--
63756930776878,27.5,12.5,0.0,0.0,15.0,--
63756930777879,22.6,7.6,0.0,0.0,15.0,--
63756930778896,23.6,8.5,0.0,0.0,15.0,--
63756930779921,21.2,6.2,0.0,0.0,15.0,--
63756930780937,21.7,6.7,0.0,0.0,15.0,--
63756930781954,23.3,8.3,0.0,0.0,15.0,--
63756930782975,26.7,11.7,0.0,0.0,15.0,--
63756930784021,26.0,11.0,0.0,0.0,15.0,--
63756930785038,25.4,10.4,0.0,0.0,15.0,--
63756930786050,26.8,11.8,0.0,0.0,15.0,--
63756930787086,23.6,8.6,0.0,0.0,15.0,--
63756930788119,23.7,8.7,0.0,0.0,15.0,--
63756930789126,23.1,8.1,0.0,0.0,15.0,--
63756930790158,23.9,8.9,0.0,0.0,15.0,--
63756930791187,22.6,7.6,0.0,0.0,15.0,--
63756930792207,26.2,11.1,0.0,0.0,15.0,--
63756930793225,23.4,8.4,0.0,0.0,15.0,--
63756930794274,21.1,6.1,0.0,0.0,15.0,--
63756930795306,20.7,5.7,0.0,0.0,15.0,--
63756930796331,22.5,7.5,0.0,0.0,15.0,--
63756930797356,21.0,6.0,0.0,0.0,15.0,--
63756930798380,19.0,4.0,0.0,0.0,15.0,--
63756930799389,17.6,2.6,0.0,0.0,15.0,--
63756930800406,17.3,2.3,0.0,0.0,15.0,--
63756930801422,16.9,1.9,0.0,0.0,15.0,--
63756930802439,18.7,3.7,0.0,0.0,15.0,--
63756930803454,18.3,3.3,0.0,0.0,15.0,--
63756930804471,15.9,0.9,0.0,0.0,15.0,--
63756930805487,16.3,1.3,0.0,0.0,15.0,--
63756930806504,16.4,1.4,0.0,0.0,15.0,--
63756930807521,15.8,0.8,0.0,0.0,15.0,--
63756930808535,16.9,1.9,0.0,0.0,15.0,--
63756930809552,15.6,0.6,0.0,0.0,15.0,--
63756930810561,19.0,4.0,0.0,0.0,15.0,--
63756930811577,26.5,11.5,0.0,0.0,15.0,--
63756930812588,19.8,4.8,0.0,0.0,15.0,--
63756930813612,27.2,12.2,0.0,0.0,15.0,--
63756930814624,28.7,13.7,0.0,0.0,15.0,--
63756930815653,23.1,8.1,0.0,0.0,15.0,--
63756930816688,23.6,8.6,0.0,0.0,15.0,--
63756930817721,22.6,7.6,0.0,0.0,15.0,--
63756930818754,21.8,6.8,0.0,0.0,15.0,--
63756930819794,24.9,9.9,0.0,0.0,15.0,--
63756930820853,25.6,10.6,0.0,0.0,15.0,--
63756930821879,23.1,8.1,0.0,0.0,15.0,--
63756930822906,25.9,10.9,0.0,0.0,15.0,--
63756930823923,21.6,6.6,0.0,0.0,15.0,--
63756930824940,20.6,5.6,0.0,0.0,15.0,--
63756930825970,22.7,7.7,0.0,0.0,15.0,--
63756930827019,21.2,6.2,0.0,0.0,15.0,--
63756930828036,19.6,4.6,0.0,0.0,15.0,--
63756930829053,18.2,3.2,0.0,0.0,15.0,--
63756930830061,20.6,5.6,0.0,0.0,15.0,--
63756930831086,19.9,4.8,0.0,0.0,15.0,--
63756930832095,22.9,7.8,0.0,0.0,15.0,--
63756930833124,25.9,10.8,0.0,0.1,15.0,--
63756930834126,25.6,10.5,0.0,0.0,15.0,--
63756930835127,29.3,14.2,0.0,0.0,15.0,--
63756930836166,32.1,17.0,0.0,0.0,15.0,--
63756930837184,24.7,9.6,0.0,0.0,15.0,--
63756930838186,24.3,9.2,0.0,0.0,15.0,--
63756930839186,27.1,12.0,0.0,0.0,15.0,--
63756930840208,28.1,13.0,0.0,0.1,15.0,--
63756930841206,28.0,13.0,0.0,0.0,15.0,--
63756930842216,27.2,12.2,0.0,0.0,15.0,--
63756930843233,28.4,13.4,0.0,0.0,15.0,--
63756930844235,26.6,11.5,0.0,0.0,15.0,--
63756930845236,26.6,11.6,0.0,0.0,15.0,--
63756930846241,28.6,13.5,0.0,0.1,15.0,--
63756930847249,27.9,12.8,0.0,0.0,15.0,--
63756930848250,28.5,13.5,0.0,0.0,15.0,--
63756930849254,27.0,12.0,0.0,0.0,15.0,--
63756930850270,27.2,12.2,0.0,0.0,15.0,--
63756930851270,28.1,13.1,0.0,0.0,15.0,--
63756930852271,28.9,13.9,0.0,0.0,15.0,--
63756930853267,30.5,15.5,0.0,0.0,15.0,--
63756930854281,28.5,13.5,0.0,0.0,15.0,--
63756930855284,29.5,14.5,0.0,0.0,15.0,--
63756930856283,23.3,8.3,0.0,0.0,15.0,--
63756930857316,25.7,10.6,0.0,0.0,15.0,--
63756930858348,23.2,8.2,0.0,0.0,15.0,--
63756930859381,27.3,12.3,0.0,0.0,15.0,--
63756930860373,23.8,8.8,0.0,0.0,15.0,--
63756930861425,25.9,10.8,0.0,0.0,15.0,--
63756930862458,24.7,9.7,0.0,0.0,15.0,--
63756930863469,21.5,6.5,0.0,0.0,15.0,--
63756930864486,18.2,3.2,0.0,0.0,15.0,--
63756930865502,19.0,4.0,0.0,0.0,15.0,--
63756930866519,22.7,7.7,0.0,0.0,15.0,--
63756930867552,24.9,9.9,0.0,0.0,15.0,--
63756930868578,24.7,9.7,0.0,0.0,15.0,--
63756930869611,24.6,9.6,0.0,0.0,15.0,--
63756930870651,20.7,5.7,0.0,0.0,15.0,--
63756930871733,25.2,10.2,0.0,0.0,15.0,--
63756930872767,19.2,4.2,0.0,0.0,15.0,--
63756930873784,22.5,7.5,0.0,0.0,15.0,--
63756930874801,20.0,5.0,0.0,0.0,15.0,--
63756930875817,17.9,2.9,0.0,0.0,15.0,--
63756930876834,18.2,3.1,0.0,0.0,15.0,--
63756930877851,20.5,5.5,0.0,0.0,15.0,--
63756930878867,17.8,2.8,0.0,0.0,15.0,--
63756930880212,20.4,5.4,0.0,0.0,15.0,--
63756930881234,30.0,14.9,0.0,0.0,15.0,--
63756930882246,27.5,12.4,0.0,0.0,15.0,--
63756930883268,24.0,9.0,0.0,0.0,15.0,--
63756930884301,20.2,5.2,0.0,0.0,15.0,--
63756930885334,24.5,9.5,0.0,0.0,15.0,--
63756930886358,23.5,8.5,0.0,0.0,15.0,--
63756930887399,27.1,12.1,0.0,0.0,15.0,--
63756930888422,27.9,12.3,0.0,0.6,15.0,--
63756930889423,23.9,8.5,0.0,0.3,15.0,--
63756930890455,22.2,7.2,0.0,0.0,15.0,--
63756930891480,22.2,7.2,0.0,0.0,15.0,--
63756930892529,25.4,10.4,0.0,0.0,15.0,--
63756930893542,20.6,5.6,0.0,0.0,15.0,--
63756930894584,22.9,7.9,0.0,0.0,15.0,--
63756930895617,18.7,3.7,0.0,0.0,15.0,--
63756930896625,23.3,8.3,0.0,0.0,15.0,--
63756930897655,21.0,6.0,0.0,0.0,15.0,--
63756930898680,17.5,2.5,0.0,0.0,15.0,--
63756930899689,23.6,8.6,0.0,0.0,15.0,--
63756930900706,25.8,10.8,0.0,0.0,15.0,--
63756930901990,22.6,7.6,0.0,0.0,15.0,--
63756930902998,18.8,3.8,0.0,0.0,15.0,--
63756930904015,16.6,1.6,0.0,0.0,15.0,--
63756930905045,24.2,9.2,0.0,0.0,15.0,--
63756930906067,21.8,6.8,0.0,0.0,15.0,--
63756930907099,20.2,5.2,0.0,0.0,15.0,--
63756930908127,18.2,3.2,0.0,0.0,15.0,--
63756930909144,20.4,5.4,0.0,0.0,15.0,--
63756930910177,18.9,3.9,0.0,0.0,15.0,--
63756930911186,18.7,3.7,0.0,0.0,15.0,--
63756930912202,21.6,6.6,0.0,0.0,15.0,--
63756930913236,24.6,9.6,0.0,0.0,15.0,--
63756930914266,25.5,10.5,0.0,0.0,15.0,--
63756930915315,28.5,13.5,0.0,0.0,15.0,--
63756930916334,24.9,9.9,0.0,0.0,15.0,--
63756930917399,25.2,10.2,0.0,0.0,15.0,--
63756930918426,20.1,5.1,0.0,0.0,15.0,--
63756930919442,18.2,3.1,0.0,0.0,15.0,--
63756930920452,19.1,4.1,0.0,0.0,15.0,--
63756930921477,19.3,4.3,0.0,0.0,15.0,--
63756930922502,18.6,3.6,0.0,0.0,15.0,--
63756930923514,18.5,3.5,0.0,0.0,15.0,--
63756930924531,21.5,6.5,0.0,0.0,15.0,--
63756930925567,24.0,9.0,0.0,0.0,15.0,--
63756930926626,28.6,13.6,0.0,0.0,15.0,--
63756930927641,25.4,10.4,0.0,0.0,15.0,--
63756930928678,25.0,9.9,0.0,0.0,15.0,--
63756930929750,24.4,9.4,0.0,0.0,15.0,--
63756930930797,22.8,7.8,0.0,0.0,15.0,--
63756930931843,29.9,14.9,0.0,0.0,15.0,--
63756930932844,27.5,12.5,0.0,0.0,15.0,--
63756930933895,27.8,12.8,0.0,0.0,15.0,--
63756930934927,28.3,13.3,0.0,0.0,15.0,--
63756930935939,30.0,14.9,0.0,0.0,15.0,--
63756930936986,28.5,13.4,0.0,0.0,15.0,--
63756930938032,28.0,13.0,0.0,0.0,15.0,--
63756930939041,25.1,10.1,0.0,0.0,15.0,--
63756930940050,19.3,4.3,0.0,0.0,15.0,--
63756930941067,21.5,6.5,0.0,0.0,15.0,--
63756930942076,16.4,1.4,0.0,0.0,15.0,--
63756930943094,18.3,3.3,0.0,0.0,15.0,--
63756930944110,17.5,2.5,0.0,0.0,15.0,--
63756930945127,19.8,4.8,0.0,0.0,15.0,--
63756930946143,19.9,4.9,0.0,0.0,15.0,--
63756930947160,18.7,3.7,0.0,0.0,15.0,--
63756930948175,21.4,6.4,0.0,0.0,15.0,--
63756930949192,18.8,3.8,0.0,0.0,15.0,--
63756930950208,17.4,2.4,0.0,0.0,15.0,--
63756930951225,17.0,2.0,0.0,0.0,15.0,--
63756930952242,25.4,10.4,0.0,0.0,15.0,--
63756930953250,17.6,2.6,0.0,0.0,15.0,--
63756930954267,22.3,7.3,0.0,0.0,15.0,--
63756930955292,22.1,7.1,0.0,0.0,15.0,--
63756930956316,21.4,6.4,0.0,0.0,15.0,--
63756930957333,22.4,7.3,0.0,0.0,15.0,--
63756930958357,19.0,4.0,0.0,0.0,15.0,--
63756930959374,19.0,4.0,0.0,0.0,15.0,--
63756930960391,17.9,2.9,0.0,0.0,15.0,--
63756930961408,17.5,2.5,0.0,0.0,15.0,--
63756930962424,22.9,7.9,0.0,0.0,15.0,--
63756930963439,21.7,6.7,0.0,0.0,15.0,--
63756930964456,17.5,2.5,0.0,0.0,15.0,--
63756930965473,18.5,3.5,0.0,0.0,15.0,--
63756930966490,18.8,3.8,0.0,0.0,15.0,--
63756930967498,16.7,1.6,0.0,0.0,15.0,--
63756930968529,18.7,3.7,0.0,0.0,15.0,--
63756930969553,18.9,3.9,0.0,0.0,15.0,--
63756930970562,18.8,3.8,0.0,0.0,15.0,--
63756930971578,17.7,2.7,0.0,0.0,15.0,--
63756930972595,17.8,2.8,0.0,0.0,15.0,--
63756930973610,18.0,3.0,0.0,0.0,15.0,--
63756930974626,18.3,3.3,0.0,0.0,15.0,--
63756930975643,19.3,4.3,0.0,0.0,15.0,--
63756930976660,22.1,7.1,0.0,0.0,15.0,--
63756930977680,17.3,2.3,0.0,0.0,15.0,--
63756930978724,18.8,3.8,0.0,0.0,15.0,--
63756930979740,18.8,3.8,0.0,0.0,15.0,--
63756930980777,25.5,10.5,0.0,0.0,15.0,--
63756930981809,20.4,5.4,0.0,0.0,15.0,--
63756930982827,24.0,9.0,0.0,0.0,15.0,--
63756930983844,20.3,5.3,0.0,0.0,15.0,--
63756930984871,24.1,9.1,0.0,0.0,15.0,--
63756930985895,25.3,10.3,0.0,0.0,15.0,--
63756930986926,30.5,15.5,0.0,0.0,15.0,--
63756930987957,28.9,13.9,0.0,0.0,15.0,--
63756930988999,30.7,15.7,0.0,0.0,15.0,--
63756930990004,24.7,9.7,0.0,0.0,15.0,--
63756930991038,28.1,13.1,0.0,0.0,15.0,--
63756930992063,29.9,14.5,0.0,0.4,15.0,--
63756930993090,29.0,14.0,0.0,0.0,15.0,--
63756930994152,27.9,12.9,0.0,0.0,15.0,--
63756930995193,29.1,14.1,0.0,0.0,15.0,--
63756930996210,21.6,6.6,0.0,0.0,15.0,--
63756930997243,18.0,3.0,0.0,0.0,15.0,--
63756930998251,18.0,3.0,0.0,0.0,15.0,--
63756930999276,18.5,3.5,0.0,0.0,15.0,--
63756931000293,17.2,2.2,0.0,0.0,15.0,--
63756931001301,18.1,3.1,0.0,0.0,15.0,--
63756931002316,21.0,6.0,0.0,0.0,15.0,--
63756931003342,27.5,12.5,0.0,0.0,15.0,--
63756931004358,27.8,12.8,0.0,0.0,15.0,--
63756931005375,21.3,6.3,0.0,0.0,15.0,--
63756931006376,17.7,2.7,0.0,0.0,15.0,--
63756931007393,17.7,2.7,0.0,0.0,15.0,--
63756931008406,19.6,4.6,0.0,0.0,15.0,--
63756931009423,17.6,2.6,0.0,0.0,15.0,--
63756931010439,19.4,4.4,0.0,0.0,15.0,--
63756931011456,17.1,2.1,0.0,0.0,15.0,--
63756931012473,16.4,1.4,0.0,0.0,15.0,--
63756931013487,19.1,4.1,0.0,0.0,15.0,--
63756931014501,20.7,5.7,0.0,0.0,15.0,--
63756931015517,20.7,5.7,0.0,0.0,15.0,--
63756931016537,25.8,10.8,0.0,0.0,15.0,--
63756931017548,24.7,9.7,0.0,0.0,15.0,--
63756931018568,22.2,7.1,0.0,0.0,15.0,--
63756931019605,23.0,8.0,0.0,0.0,15.0,--
63756931020632,22.7,7.7,0.0,0.0,15.0,--
63756931021670,25.6,10.5,0.0,0.0,15.0,--
63756931022695,23.1,8.1,0.0,0.0,15.0,--
63756931023723,27.5,12.5,0.0,0.0,15.0,--
63756931024750,26.9,11.8,0.0,0.0,15.0,--
63756931025801,23.5,8.5,0.0,0.0,15.0,--
63756931026834,27.9,12.9,0.0,0.0,15.0,--
63756931027873,27.0,12.0,0.0,0.0,15.0,--
63756931028890,29.6,14.6,0.0,0.1,15.0,--
63756931029907,25.0,9.9,0.0,0.1,15.0,--
63756931030919,25.7,10.7,0.0,0.0,15.0,--
63756931031967,25.0,10.0,0.0,0.0,15.0,--
63756931032987,21.9,6.9,0.0,0.0,15.0,--
63756931034004,17.8,2.8,0.0,0.0,15.0,--
63756931035020,23.3,8.3,0.0,0.0,15.0,--
63756931036037,23.2,8.2,0.0,0.0,15.0,--
63756931037061,21.0,6.0,0.0,0.0,15.0,--
63756931038101,22.4,7.4,0.0,0.0,15.0,--
63756931039125,19.8,4.8,0.0,0.0,15.0,--
63756931040154,22.5,7.5,0.0,0.0,15.0,--
63756931041171,17.0,2.0,0.0,0.0,15.0,--
63756931042188,18.0,3.0,0.0,0.0,15.0,--
63756931043205,18.7,3.7,0.0,0.0,15.0,--
63756931044222,19.9,4.9,0.0,0.0,15.0,--
63756931045271,23.9,8.9,0.0,0.0,15.0,--
63756931046287,19.0,4.0,0.0,0.0,15.0,--
63756931047312,21.9,6.9,0.0,0.0,15.0,--
63756931048329,28.2,13.2,0.0,0.0,15.0,--
63756931049370,23.7,8.7,0.0,0.0,15.0,--
63756931050433,25.3,10.3,0.0,0.0,15.0,--
63756931051477,23.4,8.4,0.0,0.0,15.0,--
63756931052540,23.2,8.2,0.0,0.0,15.0,--
63756931053562,24.7,9.7,0.0,0.0,15.0,--
63756931054603,21.9,6.9,0.0,0.0,15.0,--
63756931055628,19.3,4.3,0.0,0.0,15.0,--
63756931056645,20.1,5.1,0.0,0.0,15.0,--
63756931057665,19.6,4.6,0.0,0.0,15.0,--
63756931058694,19.2,4.2,0.0,0.0,15.0,--
63756931059702,20.3,5.3,0.0,0.0,15.0,--
63756931060731,30.7,15.7,0.0,0.0,15.0,--
63756931061744,28.6,13.6,0.0,0.0,15.0,--
63756931062767,26.9,11.9,0.0,0.0,15.0,--
63756931063804,31.7,16.7,0.0,0.0,15.0,--
63756931064811,32.0,17.0,0.0,0.0,15.0,--
63756931065811,28.2,13.1,0.0,0.0,15.0,--
63756931066847,32.1,17.0,0.0,0.0,15.0,--
63756931067853,32.1,17.1,0.0,0.0,15.0,--
63756931068867,33.4,18.4,0.0,0.0,15.0,--
63756931069875,25.9,10.9,0.0,0.0,15.0,--
63756931070936,25.1,10.1,0.0,0.0,15.0,--
63756931071976,23.4,8.4,0.0,0.0,15.0,--
63756931073001,24.0,9.0,0.0,0.0,15.0,--
63756931074049,25.7,10.7,0.0,0.0,15.0,--
63756931075082,23.1,8.1,0.0,0.0,15.0,--
63756931076114,24.0,9.0,0.0,0.0,15.0,--
63756931077162,26.3,11.3,0.0,0.0,15.0,--
63756931078187,25.0,10.0,0.0,0.0,15.0,--
63756931079204,27.7,12.7,0.0,0.0,15.0,--
63756931080236,26.5,11.5,0.0,0.0,15.0,--
63756931081267,26.2,11.2,0.0,0.0,15.0,--
63756931082320,27.8,12.8,0.0,0.0,15.0,--
63756931083364,24.5,9.5,0.0,0.0,15.0,--
63756931084380,20.6,5.6,0.0,0.0,15.0,--
63756931085373,19.9,4.9,0.0,0.0,15.0,--
63756931086414,21.1,6.1,0.0,0.0,15.0,--
63756931087446,19.9,4.9,0.0,0.0,15.0,--
63756931088467,24.9,9.9,0.0,0.0,15.0,--
63756931089482,22.7,7.7,0.0,0.0,15.0,--
63756931090531,21.7,6.7,0.0,0.0,15.0,--
63756931091548,19.1,4.1,0.0,0.0,15.0,--
63756931092565,19.2,4.2,0.0,0.0,15.0,--
63756931093584,18.5,3.5,0.0,0.0,15.0,--
63756931094593,18.0,3.0,0.0,0.0,15.0,--
63756931095618,21.6,6.5,0.0,0.0,15.0,--
63756931096626,23.3,8.3,0.0,0.0,15.0,--
63756931097627,23.4,8.4,0.0,0.0,15.0,--
63756931098628,24.9,9.9,0.0,0.0,15.0,--
63756931099628,22.1,7.1,0.0,0.0,15.0,--
63756931100629,24.1,9.1,0.0,0.0,15.0,--
63756931101630,23.2,8.2,0.0,0.0,15.0,--
63756931102630,22.6,7.6,0.0,0.0,15.0,--
63756931103629,20.3,5.3,0.0,0.0,15.0,--
63756931104646,18.9,3.9,0.0,0.0,15.0,--
63756931105663,17.7,2.7,0.0,0.0,15.0,--
63756931106679,19.2,4.2,0.0,0.0,15.0,--
63756931107688,18.3,3.3,0.0,0.0,15.0,--
63756931108705,20.5,5.5,0.0,0.0,15.0,--
63756931109729,19.0,4.0,0.0,0.0,15.0,--
63756931110754,21.9,6.9,0.0,0.0,15.0,--
63756931111771,18.3,3.3,0.0,0.0,15.0,--
63756931112795,20.2,5.2,0.0,0.0,15.0,--
63756931113812,16.4,1.4,0.0,0.0,15.0,--
63756931114829,24.0,9.0,0.0,0.0,15.0,--
63756931115830,23.7,8.7,0.0,0.0,15.0,--
63756931116830,22.7,7.7,0.0,0.0,15.0,--
63756931117829,21.7,6.6,0.0,0.0,15.0,--
63756931118830,22.6,7.6,0.0,0.0,15.0,--
63756931119830,23.1,8.1,0.0,0.0,15.0,--
63756931120831,22.6,7.6,0.0,0.0,15.0,--
63756931121848,20.2,5.2,0.0,0.0,15.0,--
63756931122878,17.0,2.0,0.0,0.0,15.0,--
63756931123895,16.8,1.8,0.0,0.0,15.0,--
63756931124912,16.6,1.6,0.0,0.0,15.0,--
63756931125929,15.8,0.8,0.0,0.0,15.0,--
63756931126937,17.4,2.4,0.0,0.0,15.0,--
63756931127959,16.9,1.9,0.0,0.0,15.0,--
63756931128976,17.1,2.1,0.0,0.0,15.0,--
63756931129993,16.2,1.2,0.0,0.0,15.0,--
63756931131002,17.3,2.3,0.0,0.0,15.0,--
63756931132027,16.8,1.8,0.0,0.0,15.0,--
63756931133033,17.4,2.4,0.0,0.0,15.0,--
63756931134049,17.3,2.3,0.0,0.0,15.0,--
63756931135066,18.6,3.6,0.0,0.0,15.0,--
63756931136083,16.3,1.3,0.0,0.0,15.0,--
63756931137100,18.2,3.2,0.0,0.0,15.0,--
63756931138114,17.2,2.2,0.0,0.0,15.0,--
63756931139130,17.3,2.3,0.0,0.0,15.0,--
63756931140139,16.4,1.4,0.0,0.0,15.0,--
63756931141164,17.0,2.0,0.0,0.0,15.0,--
63756931142173,15.9,0.9,0.0,0.0,15.0,--
63756931143187,17.7,2.7,0.0,0.0,15.0,--
63756931144212,17.0,2.0,0.0,0.0,15.0,--
63756931145228,16.7,1.7,0.0,0.0,15.0,--
63756931146294,17.3,2.3,0.0,0.0,15.0,--
63756931147295,16.1,1.1,0.0,0.0,15.0,--
63756931148317,17.1,2.1,0.0,0.0,15.0,--
63756931149342,17.1,2.1,0.0,0.0,15.0,--
63756931150350,17.1,2.1,0.0,0.0,15.0,--
63756931151359,16.9,1.9,0.0,0.0,15.0,--
63756931152376,16.8,1.8,0.0,0.0,15.0,--
63756931153392,16.9,1.9,0.0,0.0,15.0,--
63756931154409,16.5,1.5,0.0,0.0,15.0,--
63756931155426,16.7,1.6,0.0,0.0,15.0,--
63756931156443,16.8,1.8,0.0,0.0,15.0,--
63756931157452,17.1,2.1,0.0,0.0,15.0,--
63756931158474,16.8,1.8,0.0,0.0,15.0,--
63756931159498,18.1,3.1,0.0,0.0,15.0,--
63756931160515,15.9,0.9,0.0,0.0,15.0,--
63756931161532,16.7,1.7,0.0,0.0,15.0,--
63756931162549,16.2,1.2,0.0,0.0,15.0,--
63756931163562,17.5,2.5,0.0,0.0,15.0,--
63756931164579,17.5,2.5,0.0,0.0,15.0,--
63756931165596,17.3,2.3,0.0,0.0,15.0,--
63756931166613,16.9,1.9,0.0,0.0,15.0,--
63756931167630,16.8,1.8,0.0,0.0,15.0,--
63756931168644,16.9,1.9,0.0,0.0,15.0,--
63756931169661,16.3,1.3,0.0,0.0,15.0,--
63756931170678,16.4,1.4,0.0,0.0,15.0,--
63756931171703,16.4,1.4,0.0,0.0,15.0,--
63756931172728,17.0,2.0,0.0,0.0,15.0,--
63756931173745,17.3,2.3,0.0,0.0,15.0,--
63756931174754,17.3,2.3,0.0,0.0,15.0,--
63756931175771,16.8,1.8,0.0,0.0,15.0,--
63756931176781,16.5,1.5,0.0,0.0,15.0,--
63756931177797,16.7,1.7,0.0,0.0,15.0,--
63756931178814,17.1,2.1,0.0,0.0,15.0,--
63756931179831,17.2,2.2,0.0,0.0,15.0,--
63756931180857,16.0,1.0,0.0,0.0,15.0,--
63756931181857,17.4,2.4,0.0,0.0,15.0,--
63756931182874,17.0,2.0,0.0,0.0,15.0,--
63756931183892,17.5,2.5,0.0,0.0,15.0,--
63756931184908,16.5,1.5,0.0,0.0,15.0,--
63756931185925,17.0,2.0,0.0,0.0,15.0,--
63756931186943,17.1,2.1,0.0,0.0,15.0,--
63756931187957,16.8,1.8,0.0,0.0,15.0,--
63756931188974,17.7,2.7,0.0,0.0,15.0,--
63756931189990,16.7,1.7,0.0,0.0,15.0,--
63756931191000,16.1,1.1,0.0,0.0,15.0,--
63756931192025,17.0,2.0,0.0,0.0,15.0,--
63756931193034,16.6,1.5,0.0,0.0,15.0,--
63756931194059,18.6,3.6,0.0,0.0,15.0,--
63756931195068,16.3,1.3,0.0,0.0,15.0,--
63756931196077,16.2,1.2,0.0,0.0,15.0,--
63756931197094,17.7,2.7,0.0,0.0,15.0,--
63756931198123,17.4,2.4,0.0,0.0,15.0,--
63756931199140,22.1,7.1,0.0,0.0,15.0,--
63756931200157,17.7,2.7,0.0,0.0,15.0,--
63756931201173,16.8,1.7,0.0,0.0,15.0,--
63756931202190,17.8,2.8,0.0,0.0,15.0,--
63756931203205,15.7,0.7,0.0,0.0,15.0,--
63756931204221,16.2,1.2,0.0,0.0,15.0,--
63756931205238,17.7,2.7,0.0,0.0,15.0,--
63756931206240,16.8,1.8,0.0,0.0,15.0,--
63756931207249,16.2,1.2,0.0,0.0,15.0,--
63756931208269,17.8,2.8,0.0,0.0,15.0,--
63756931209295,17.3,2.3,0.0,0.0,15.0,--
63756931210303,18.5,3.5,0.0,0.0,15.0,--
63756931211312,17.4,2.4,0.0,0.0,15.0,--
63756931212337,16.8,1.8,0.0,0.0,15.0,--
63756931213342,17.0,2.0,0.0,0.0,15.0,--
63756931214359,16.6,1.6,0.0,0.0,15.0,--
63756931215375,16.3,1.3,0.0,0.0,15.0,--
63756931216392,17.2,2.2,0.0,0.0,15.0,--
63756931217409,16.1,1.1,0.0,0.0,15.0,--
63756931218423,17.3,2.3,0.0,0.0,15.0,--
63756931219440,17.3,2.3,0.0,0.0,15.0,--
63756931220457,16.8,1.8,0.0,0.0,15.0,--
63756931221474,16.6,1.6,0.0,0.0,15.0,--
63756931222491,16.5,1.5,0.0,0.0,15.0,--
63756931223552,17.6,2.6,0.0,0.0,15.0,--
63756931224561,16.9,1.9,0.0,0.0,15.0,--
63756931225578,17.1,2.1,0.0,0.0,15.0,--
63756931226603,16.9,1.9,0.0,0.0,15.0,--
63756931227619,16.5,1.5,0.0,0.0,15.0,--
63756931228625,18.4,3.4,0.0,0.0,15.0,--
63756931229642,17.3,2.3,0.0,0.0,15.0,--
63756931230658,17.4,2.4,0.0,0.0,15.0,--
63756931231675,17.1,2.1,0.0,0.0,15.0,--
63756931232692,17.1,2.1,0.0,0.0,15.0,--
63756931233706,17.2,2.2,0.0,0.0,15.0,--
63756931234723,17.1,2.1,0.0,0.0,15.0,--
63756931235740,17.8,2.8,0.0,0.0,15.0,--
63756931236748,16.4,1.4,0.0,0.0,15.0,--
63756931237781,16.1,1.1,0.0,0.0,15.0,--
63756931238803,18.9,3.9,0.0,0.0,15.0,--
63756931239876,16.5,1.5,0.0,0.0,15.0,--
63756931240892,16.8,1.8,0.0,0.0,15.0,--
63756931241910,16.1,1.1,0.0,0.0,15.0,--
63756931242924,17.2,2.2,0.0,0.0,15.0,--
63756931243941,16.3,1.3,0.0,0.0,15.0,--
63756931244957,17.2,2.2,0.0,0.0,15.0,--
63756931245967,16.5,1.5,0.0,0.0,15.0,--
63756931246991,17.5,2.5,0.0,0.0,15.0,--
63756931248000,15.9,0.9,0.0,0.0,15.0,--
63756931249017,17.1,2.1,0.0,0.0,15.0,--
63756931250035,17.0,2.0,0.0,0.0,15.0,--
63756931251051,17.1,2.1,0.0,0.0,15.0,--
63756931252068,16.8,1.8,0.0,0.0,15.0,--
63756931253077,16.5,1.5,0.0,0.0,15.0,--
63756931254102,17.0,2.0,0.0,0.0,15.0,--
63756931255119,17.3,2.3,0.0,0.0,15.0,--
63756931256127,16.0,1.0,0.0,0.0,15.0,--
63756931257152,21.0,6.0,0.0,0.0,15.0,--
63756931258142,17.8,2.8,0.0,0.0,15.0,--
63756931259166,19.0,4.0,0.0,0.0,15.0,--
63756931260175,20.0,5.0,0.0,0.0,15.0,--
63756931261192,16.8,1.8,0.0,0.0,15.0,--
63756931262209,15.8,0.8,0.0,0.0,15.0,--
63756931263223,17.3,2.3,0.0,0.0,15.0,--
63756931264232,16.4,1.4,0.0,0.0,15.0,--
63756931265250,16.9,1.9,0.0,0.0,15.0,--
63756931266268,17.1,2.1,0.0,0.0,15.0,--
63756931267285,16.7,1.7,0.0,0.0,15.0,--
63756931268306,15.9,0.9,0.0,0.0,15.0,--
63756931269314,17.6,2.6,0.0,0.0,15.0,--
63756931270331,17.7,2.7,0.0,0.0,15.0,--
63756931271349,17.5,2.5,0.0,0.0,15.0,--
63756931272367,17.1,2.1,0.0,0.0,15.0,--
63756931273378,17.0,2.0,0.0,0.0,15.0,--
63756931274403,17.2,2.2,0.0,0.0,15.0,--
63756931275419,17.0,2.0,0.0,0.0,15.0,--
63756931276421,16.3,1.3,0.0,0.0,15.0,--
63756931277437,17.2,2.2,0.0,0.0,15.0,--
63756931278459,16.2,1.2,0.0,0.0,15.0,--
63756931279467,16.4,1.4,0.0,0.0,15.0,--
63756931280485,16.4,1.4,0.0,0.0,15.0,--
63756931281502,16.2,1.2,0.0,0.0,15.0,--
63756931282518,16.7,1.7,0.0,0.0,15.0,--
63756931283535,16.4,1.4,0.0,0.0,15.0,--
63756931284552,16.5,1.5,0.0,0.0,15.0,--
63756931285561,15.9,0.9,0.0,0.0,15.0,--
63756931286586,17.6,2.6,0.0,0.0,15.0,--
63756931287603,17.1,2.1,0.0,0.0,15.0,--
63756931288617,16.5,1.5,0.0,0.0,15.0,--
63756931289650,16.2,1.2,0.0,0.0,15.0,--
63756931290667,17.3,2.3,0.0,0.0,15.0,--
63756931291684,20.0,4.9,0.0,0.1,15.0,--
63756931292693,15.9,0.9,0.0,0.0,15.0,--
63756931293706,16.7,1.7,0.0,0.0,15.0,--
63756931294731,16.8,1.8,0.0,0.0,15.0,--
63756931295740,16.9,1.9,0.0,0.0,15.0,--
63756931296749,15.7,0.7,0.0,0.0,15.0,--
63756931297766,18.0,2.9,0.0,0.0,15.0,--
63756931298787,17.6,2.6,0.0,0.0,15.0,--
63756931299804,17.6,2.6,0.0,0.0,15.0,--
63756931300813,16.7,1.7,0.0,0.0,15.0,--
63756931301830,18.6,3.6,0.0,0.0,15.0,--
63756931302847,16.7,1.7,0.0,0.0,15.0,--
63756931303864,17.3,2.3,0.0,0.0,15.0,--
63756931304881,15.9,0.9,0.0,0.0,15.0,--
63756931305898,17.4,2.4,0.0,0.0,15.0,--
63756931306916,16.5,1.5,0.0,0.0,15.0,--
63756931307933,16.8,1.8,0.0,0.0,15.0,--
63756931308942,16.8,1.8,0.0,0.0,15.0,--
63756931309951,16.3,1.3,0.0,0.0,15.0,--
63756931310968,15.9,0.9,0.0,0.0,15.0,--
63756931311986,16.4,1.4,0.0,0.0,15.0,--
63756931312999,16.1,1.1,0.0,0.0,15.0,--
63756931314032,18.5,3.5,0.0,0.0,15.0,--
63756931315049,17.9,2.9,0.0,0.0,15.0,--
63756931316065,18.6,3.6,0.0,0.0,15.0,--
63756931317082,19.4,4.4,0.0,0.0,15.0,--
63756931318104,20.1,5.1,0.0,0.0,15.0,--
63756931319142,18.7,3.7,0.0,0.0,15.0,--
63756931320167,19.0,4.0,0.0,0.0,15.0,--
63756931321174,17.8,2.8,0.0,0.0,15.0,--
63756931322193,16.8,1.8,0.0,0.0,15.0,--
63756931323216,17.5,2.5,0.0,0.0,15.0,--
63756931324217,18.3,3.3,0.0,0.0,15.0,--
63756931325238,18.3,3.3,0.0,0.0,15.0,--
63756931326269,19.9,4.9,0.0,0.0,15.0,--
63756931327286,19.7,4.7,0.0,0.0,15.0,--
63756931328297,19.2,4.2,0.0,0.0,15.0,--
63756931329314,17.4,2.4,0.0,0.0,15.0,--
63756931330331,18.6,3.6,0.0,0.0,15.0,--
63756931331348,17.0,2.0,0.0,0.0,15.0,--
63756931332364,18.9,3.9,0.0,0.0,15.0,--
63756931333378,18.0,3.0,0.0,0.0,15.0,--
63756931334394,20.1,5.1,0.0,0.0,15.0,--
63756931335419,18.0,3.0,0.0,0.0,15.0,--
63756931336428,17.4,2.4,0.0,0.0,15.0,--
63756931337437,16.3,1.3,0.0,0.0,15.0,--
63756931338462,16.7,1.7,0.0,0.0,15.0,--
63756931339470,17.0,2.0,0.0,0.0,15.0,--
63756931340485,19.3,4.3,0.0,0.0,15.0,--
63756931341502,23.5,8.5,0.0,0.0,15.0,--
63756931342538,27.3,12.2,0.0,0.0,15.0,--
63756931343548,25.4,10.4,0.0,0.0,15.0,--
63756931344565,29.4,14.4,0.0,0.0,15.0,--
63756931345598,29.1,14.1,0.0,0.0,15.0,--
63756931346627,26.3,11.3,0.0,0.0,15.0,--
63756931347646,26.5,11.5,0.0,0.0,15.0,--
63756931348664,22.6,7.6,0.0,0.0,15.0,--
63756931349753,26.5,11.5,0.0,0.0,15.0,--
63756931350767,28.5,13.5,0.0,0.0,15.0,--
63756931351794,26.1,11.1,0.0,0.0,15.0,--
63756931352842,26.8,11.8,0.0,0.0,15.0,--
63756931353877,24.3,9.3,0.0,0.0,15.0,--
63756931354874,25.2,10.1,0.0,0.0,15.0,--
63756931355891,23.4,8.4,0.0,0.0,15.0,--
63756931356907,27.0,12.0,0.0,0.0,15.0,--
63756931357931,24.9,9.9,0.0,0.0,15.0,--
63756931358972,27.4,12.4,0.0,0.0,15.0,--
63756931360005,28.8,13.8,0.0,0.0,15.0,--
63756931361018,24.1,9.1,0.0,0.0,15.0,--
63756931362042,23.0,8.0,0.0,0.0,15.0,--
63756931363068,21.9,6.9,0.0,0.0,15.0,--
63756931364077,18.2,3.2,0.0,0.0,15.0,--
63756931365093,20.1,5.1,0.0,0.0,15.0,--
63756931366110,19.4,4.4,0.0,0.0,15.0,--
63756931367127,19.9,4.9,0.0,0.0,15.0,--
63756931368142,19.0,4.0,0.0,0.0,15.0,--
63756931369158,20.0,5.0,0.0,0.0,15.0,--
63756931370183,17.4,2.4,0.0,0.0,15.0,--
63756931371188,20.3,5.1,0.0,0.1,15.0,--
63756931372214,25.0,7.9,0.0,2.1,15.0,--
63756931373230,24.4,9.2,0.0,0.2,15.0,--
63756931374271,22.7,7.7,0.0,0.0,15.0,--
63756931375296,23.1,8.0,0.0,0.1,15.0,--
63756931376313,21.4,6.3,0.0,0.1,15.0,--
63756931377329,23.2,8.1,0.0,0.1,15.0,--
63756931378332,23.8,8.8,0.0,0.0,15.0,--
63756931379686,23.4,8.3,0.0,0.1,15.0,--
63756931380770,22.7,7.7,0.0,0.1,15.0,--
63756931381812,25.3,10.2,0.0,0.1,15.0,--
63756931382860,25.2,10.1,0.0,0.1,15.0,--
63756931383960,23.9,8.8,0.0,0.1,15.0,--
63756931385017,23.8,8.8,0.0,0.0,15.0,--
63756931386062,23.1,8.0,0.0,0.1,15.0,--
63756931387063,19.7,4.6,0.0,0.1,15.0,--
63756931388129,20.1,5.1,0.0,0.0,15.0,--
63756931389213,24.1,9.1,0.0,0.0,15.0,--
63756931390236,21.3,6.2,0.0,0.0,15.0,--
63756931391267,26.4,11.3,0.0,0.0,15.0,--
63756931392281,23.5,8.5,0.0,0.1,15.0,--
63756931393314,22.2,7.2,0.0,0.0,15.0,--
63756931394331,20.8,5.7,0.0,0.0,15.0,--
63756931395328,22.7,7.5,0.0,0.2,15.0,--
63756931396344,25.5,10.4,0.0,0.2,15.0,--
63756931397361,27.3,12.2,0.0,0.1,15.0,--
63756933872567,42.7,27.7,0.0,0.0,15.0,--
63756933873562,42.7,27.6,0.0,0.1,15.0,--
63756933874568,42.3,27.2,0.0,0.0,15.0,--
63756933875569,42.4,27.3,0.0,0.0,15.0,--
63756933876566,42.8,27.7,0.0,0.1,15.0,--
63756933888568,42.6,27.6,0.0,0.0,15.0,--
63756933889565,42.8,27.8,0.0,0.0,15.0,--
63756933890563,42.6,27.6,0.0,0.0,15.0,--
63756933891562,40.2,25.2,0.0,0.0,15.0,--
63756933892562,42.6,27.6,0.0,0.0,15.0,--
63756933893564,42.6,27.6,0.0,0.0,15.0,--
63756933894565,40.6,25.6,0.0,0.0,15.0,--
63756933895568,42.6,27.6,0.0,0.0,15.0,--
63756933896566,42.5,27.5,0.0,0.0,15.0,--
63756933897578,42.3,27.2,0.0,0.0,15.0,--
63756933898642,39.8,24.8,0.0,0.0,15.0,--
63756933899642,41.9,26.9,0.0,0.0,15.0,--
63756933900642,41.0,26.0,0.0,0.0,15.0,--
63756933901641,42.5,27.5,0.0,0.0,15.0,--
63756933902641,39.8,24.8,0.0,0.0,15.0,--
63756933903644,40.6,25.6,0.0,0.0,15.0,--
63756933904639,41.4,26.4,0.0,0.0,15.0,--
63756933906029,42.7,27.6,0.0,0.1,15.0,--
63756933907036,42.7,27.7,0.0,0.0,15.0,--
63756933908035,41.6,26.6,0.0,0.0,15.0,--
63756933909031,42.5,27.5,0.0,0.0,15.0,--
63756933910149,42.1,27.0,0.0,0.0,15.0,--
63756933911141,42.4,27.3,0.0,0.0,15.0,--
63756933912158,40.6,25.6,0.0,0.0,15.0,--
63756933913158,42.8,27.8,0.0,0.0,15.0,--
63756933914157,42.6,27.6,0.0,0.0,15.0,--
63756933915157,41.9,26.9,0.0,0.0,15.0,--
63756933919224,42.5,27.5,0.0,0.1,15.0,--
63756933920220,42.7,27.7,0.0,0.0,15.0,--
63756933921317,42.3,27.3,0.0,0.0,15.0,--
63756933922423,42.2,27.2,0.0,0.0,15.0,--
63756933923421,42.5,27.5,0.0,0.0,15.0,--
63756933924487,42.7,27.7,0.0,0.0,15.0,Waiting for [] application data
63756933925768,43.0,28.0,0.0,0.0,15.0,0.0
63756933927057,42.5,27.4,0.0,0.1,15.0,27.0
63756933928346,42.5,27.4,0.0,0.1,15.0,27.2
63756933929631,41.9,26.8,0.0,0.1,15.0,26.9
63756933930920,42.3,27.2,0.0,0.1,15.0,26.7
63756933932219,41.8,26.7,0.0,0.0,15.0,26.7
63756933933273,41.9,26.9,0.0,0.0,15.0,0.0
63756933934557,42.3,27.3,0.0,0.0,15.0,26.9
63756933935838,42.6,27.6,0.0,0.0,15.0,27.1
63756933937126,41.5,26.5,0.0,0.0,15.0,26.3
63756933938418,42.6,27.6,0.0,0.0,15.0,27.3
63756933939713,42.8,27.7,0.0,0.0,15.0,27.7
63756933941048,42.9,27.8,0.0,0.0,15.0,27.7
63756933942351,42.2,27.2,0.0,0.0,15.0,27.2
63756933943639,42.6,27.6,0.0,0.0,15.0,26.7
63756933944958,41.9,26.9,0.0,0.0,15.0,26.9
63756933946253,42.9,27.8,0.0,0.1,15.0,27.3
63756933947445,42.3,27.2,0.0,0.1,15.0,24.8
63756933948625,41.9,26.9,0.0,0.0,15.0,25.9
63756933949823,41.4,26.4,0.0,0.0,15.0,24.1
63756933951009,42.8,27.8,0.0,0.0,15.0,26.3
63756933952254,42.0,27.0,0.0,0.0,15.0,25.1
63756933953440,42.9,27.9,0.0,0.0,15.0,26.5
63756933954622,41.8,26.8,0.0,0.0,15.0,24.7
63756933955891,42.2,27.2,0.0,0.0,15.0,24.9
63756933957094,42.8,27.7,0.0,0.0,15.0,25.8
63756933958292,41.5,26.5,0.0,0.0,15.0,24.0
63756933959492,41.0,26.0,0.0,0.0,15.0,24.4
63756933960706,42.2,27.2,0.0,0.0,15.0,24.6
63756933961915,42.6,27.5,0.0,0.0,15.0,20.5
63756933963128,41.1,26.1,0.0,0.0,15.0,24.0
63756933964330,42.4,27.4,0.0,0.0,15.0,23.5
63756933965534,41.0,26.0,0.0,0.0,15.0,24.6
63756933966727,42.0,27.0,0.0,0.0,15.0,25.3
63756933967922,41.3,26.3,0.0,0.0,15.0,22.6
63756933969101,41.9,26.9,0.0,0.0,15.0,24.0
63756933970309,41.2,26.2,0.0,0.0,15.0,23.4
63756933971502,42.6,27.5,0.0,0.0,15.0,25.4
63756933972563,42.4,27.4,0.0,0.0,15.0,0.2
63756933973776,42.9,27.9,0.0,0.0,15.0,25.5
63756933974972,43.0,28.0,0.0,0.0,15.0,25.7
63756933976167,42.7,27.7,0.0,0.0,15.0,26.2
63756933977367,42.8,27.8,0.0,0.0,15.0,26.3
63756933978557,42.6,27.6,0.0,0.0,15.0,26.2
63756933979748,42.7,27.7,0.0,0.0,15.0,26.2
63756933980945,42.8,27.8,0.0,0.0,15.0,25.6
63756933982143,42.2,27.2,0.0,0.0,15.0,25.8
63756933983342,42.9,27.9,0.0,0.0,15.0,25.3
63756933984548,43.0,28.0,0.0,0.0,15.0,26.2
63756933985752,43.0,28.0,0.0,0.0,15.0,25.9
63756933986957,43.0,28.0,0.0,0.0,15.0,24.8
63756933988152,43.0,28.0,0.0,0.0,15.0,25.7
63756933989361,43.0,28.0,0.0,0.0,15.0,25.3
63756933990567,42.7,27.7,0.0,0.0,15.0,23.6
63756933991777,42.4,27.4,0.0,0.0,15.0,23.7
63756933992979,42.5,27.5,0.0,0.0,15.0,24.0
63756933994176,42.4,27.3,0.0,0.1,15.0,23.7
63756933995362,43.1,28.0,0.0,0.1,15.0,17.9
63756933996569,42.9,27.9,0.0,0.0,15.0,20.5
63756933997766,41.9,26.9,0.0,0.0,15.0,23.2
63756933998993,42.7,27.6,0.0,0.1,15.0,22.1
63756934000194,42.0,27.0,0.0,0.0,15.0,22.6
63756934001412,41.7,26.6,0.0,0.1,15.0,24.7
63756934002625,43.0,28.0,0.0,0.0,15.0,24.4
63756934003857,41.6,26.6,0.0,0.0,15.0,23.7
63756934005052,42.2,27.2,0.0,0.0,15.0,24.5
63756934006290,42.2,27.2,0.0,0.0,15.0,24.4
63756934007505,42.4,27.4,0.0,0.0,15.0,24.0
63756934008716,42.9,27.9,0.0,0.0,15.0,24.2
63756934009926,41.8,26.8,0.0,0.0,15.0,24.3
63756934011142,41.6,26.6,0.0,0.0,15.0,23.8
63756934012381,42.6,27.6,0.0,0.0,15.0,23.5
63756934013610,41.9,26.9,0.0,0.0,15.0,23.7
63756934014839,41.6,26.6,0.0,0.0,15.0,22.8
63756934016045,41.7,26.7,0.0,0.0,15.0,22.9
63756934017264,42.0,27.0,0.0,0.0,15.0,24.6
63756934018477,42.5,27.5,0.0,0.0,15.0,25.5
63756934019680,42.6,27.5,0.0,0.0,15.0,24.1
63756934020880,41.8,26.7,0.0,0.1,15.0,23.9
63756934022091,41.6,26.6,0.0,0.0,15.0,25.5
63756934023275,42.6,27.5,0.0,0.0,15.0,24.7
63756934024497,42.2,27.2,0.0,0.0,15.0,24.3
63756934025688,42.6,27.5,0.0,0.0,15.0,22.8
63756934026901,42.8,27.8,0.0,0.0,15.0,25.4
63756934028121,41.9,26.9,0.0,0.0,15.0,24.0
63756934029315,41.9,26.9,0.0,0.0,15.0,23.8
63756934030545,42.2,27.2,0.0,0.0,15.0,22.6
63756934031751,42.7,27.6,0.0,0.2,15.0,25.0
63756934032972,42.1,26.9,0.0,0.2,15.0,23.2
63756934034183,42.9,27.7,0.0,0.2,15.0,25.1
63756934035374,42.9,27.7,0.0,0.1,15.0,21.8
63756934036628,41.9,26.8,0.0,0.1,15.0,23.7
63756934037845,42.5,27.5,0.0,0.0,15.0,24.1
63756934039072,42.5,27.5,0.0,0.0,15.0,25.0
63756934040262,42.7,27.7,0.0,0.0,15.0,25.0
63756934041462,42.5,27.4,0.0,0.0,15.0,24.7
63756934042684,41.5,26.5,0.0,0.0,15.0,24.3
63756934043905,41.7,26.7,0.0,0.0,15.0,23.6
63756934045135,43.0,28.0,0.0,0.0,15.0,25.2
63756934046339,42.0,27.0,0.0,0.0,15.0,24.0
63756934047557,42.8,27.8,0.0,0.0,15.0,22.7
63756934048752,42.2,27.2,0.0,0.0,15.0,22.1
63756934049960,42.5,27.5,0.0,0.0,15.0,25.7
63756934051154,42.6,27.5,0.0,0.0,15.0,25.6
63756934052378,41.7,26.6,0.0,0.0,15.0,24.3
63756934053604,41.3,26.3,0.0,0.0,15.0,23.5
63756934054823,43.1,28.0,0.0,0.1,15.0,23.6
63756934056040,43.1,28.0,0.0,0.1,15.0,17.0
63756934057254,41.8,26.8,0.0,0.0,15.0,22.8
63756934058475,41.4,26.4,0.0,0.0,15.0,23.0
63756934059702,41.8,26.7,0.0,0.0,15.0,22.6
63756934060918,42.0,27.0,0.0,0.0,15.0,23.6
63756934062134,42.6,27.6,0.0,0.0,15.0,25.4
63756934063343,42.7,27.7,0.0,0.0,15.0,24.9
63756934064575,42.6,27.6,0.0,0.0,15.0,22.7
63756934065772,42.0,27.0,0.0,0.0,15.0,23.0
63756934066992,42.7,27.7,0.0,0.0,15.0,23.6
63756934068187,42.6,27.5,0.0,0.0,15.0,24.2
63756934069481,42.1,27.1,0.0,0.0,15.0,22.9
63756934070699,42.9,27.9,0.0,0.0,15.0,21.6
63756934071906,41.6,26.6,0.0,0.1,15.0,21.3
63756934073124,42.4,27.4,0.0,0.0,15.0,24.1
63756934074349,42.6,27.6,0.0,0.0,15.0,23.4
63756934075554,42.7,27.7,0.0,0.0,15.0,23.7
63756934076745,41.9,26.9,0.0,0.0,15.0,24.4
63756934077930,42.2,27.2,0.0,0.0,15.0,25.1
63756934079121,41.8,26.8,0.0,0.0,15.0,25.2
63756934080313,42.2,27.2,0.0,0.0,15.0,25.0
63756934081528,41.9,26.9,0.0,0.0,15.0,25.4
63756934082730,42.5,27.5,0.0,0.0,15.0,25.1
63756934083911,42.6,27.6,0.0,0.0,15.0,26.5
63756934085096,42.1,27.1,0.0,0.0,15.0,25.1
63756934086284,42.4,27.4,0.0,0.0,15.0,24.9
63756934087515,42.2,27.2,0.0,0.0,15.0,24.7
63756934088712,42.1,27.1,0.0,0.0,15.0,25.3
63756934089903,41.2,26.2,0.0,0.0,15.0,23.1
63756934091097,41.4,26.4,0.0,0.0,15.0,25.0
63756934092299,42.7,27.7,0.0,0.0,15.0,24.8
63756934093495,42.2,27.2,0.0,0.0,15.0,25.5
63756934094699,42.6,27.5,0.0,0.0,15.0,26.1
63756934095889,41.9,26.9,0.0,0.0,15.0,24.1
63756934097100,42.3,27.3,0.0,0.0,15.0,25.0
63756934098156,42.6,27.6,0.0,0.0,15.0,0.1
63756934099360,41.6,26.6,0.0,0.0,15.0,24.6
63756934100572,41.2,26.2,0.0,0.0,15.0,23.4
63756934101757,42.5,27.5,0.0,0.0,15.0,24.9
63756934102960,42.7,27.7,0.0,0.0,15.0,25.2
63756934104170,42.6,27.6,0.0,0.0,15.0,26.0
63756934105377,38.4,23.4,0.0,0.0,15.0,20.9
63756934106595,42.6,27.5,0.0,0.0,15.0,24.3
63756934107813,42.6,27.6,0.0,0.0,15.0,24.5
63756934109017,41.9,26.9,0.0,0.0,15.0,24.6
63756934110235,42.7,27.6,0.0,0.0,15.0,24.7
63756934111437,42.1,27.1,0.0,0.0,15.0,25.2
63756934112647,42.3,27.3,0.0,0.0,15.0,25.6
63756934113839,42.8,27.8,0.0,0.0,15.0,26.0
63756934115028,41.6,26.6,0.0,0.0,15.0,23.4
63756934116212,42.4,27.4,0.0,0.0,15.0,26.1
63756934117394,41.3,26.3,0.0,0.0,15.0,24.7
63756934118585,42.9,27.9,0.0,0.0,15.0,26.3
63756934119779,42.6,27.5,0.0,0.0,15.0,25.1
63756934120968,41.2,26.2,0.0,0.0,15.0,24.4
63756934122173,42.4,27.4,0.0,0.0,15.0,26.0
63756934123362,41.5,26.4,0.0,0.0,15.0,23.5
63756934124545,42.2,27.2,0.0,0.0,15.0,24.7
63756934125757,41.6,26.6,0.0,0.0,15.0,24.4
63756934126954,42.5,27.5,0.0,0.0,15.0,24.6
63756934128172,42.3,27.3,0.0,0.0,15.0,24.4
63756934129390,42.6,27.6,0.0,0.0,15.0,23.6
63756934130601,42.1,27.1,0.0,0.0,15.0,23.2
63756934131802,42.3,27.3,0.0,0.0,15.0,24.0
63756934133003,41.6,26.5,0.0,0.0,15.0,25.4
63756934134201,41.8,26.8,0.0,0.0,15.0,24.6
63756934135419,42.9,27.9,0.0,0.0,15.0,22.0
63756934136623,43.0,28.0,0.0,0.0,15.0,20.8
63756934137825,42.8,27.7,0.0,0.0,15.0,25.1
63756934139019,42.6,27.5,0.0,0.0,15.0,25.3
63756934140236,42.2,27.2,0.0,0.0,15.0,23.6
63756934141452,42.5,27.5,0.0,0.0,15.0,24.6
63756934142720,42.6,27.6,0.0,0.0,15.0,24.0
63756934143964,42.4,27.4,0.0,0.0,15.0,22.3
63756934145186,42.5,27.5,0.0,0.0,15.0,22.9
63756934146417,42.7,27.7,0.0,0.0,15.0,25.1
63756934147639,42.5,27.5,0.0,0.0,15.0,23.9
63756934148871,41.5,26.5,0.0,0.0,15.0,24.5
63756934150085,42.4,27.4,0.0,0.0,15.0,24.1
63756934151311,42.2,27.2,0.0,0.0,15.0,24.2
63756934152533,42.1,27.1,0.0,0.0,15.0,24.5
63756934153771,41.9,26.9,0.0,0.0,15.0,24.1
63756934154987,41.9,26.9,0.0,0.0,15.0,24.7
63756934156214,42.7,27.6,0.0,0.0,15.0,24.6
63756934157439,42.1,27.1,0.0,0.0,15.0,23.6
63756934158670,42.6,27.6,0.0,0.0,15.0,24.0
63756934159924,42.0,27.0,0.0,0.0,15.0,24.7
63756934161151,42.6,27.6,0.0,0.0,15.0,23.8
63756934162375,42.7,27.7,0.0,0.0,15.0,25.2
63756934163599,42.2,27.2,0.0,0.0,15.0,25.2
63756934164821,42.3,27.3,0.0,0.0,15.0,24.6
63756934166026,42.4,27.4,0.0,0.0,15.0,25.4
63756934167249,42.8,27.8,0.0,0.0,15.0,25.1
63756934168491,42.7,27.6,0.0,0.0,15.0,24.9
63756934169714,42.7,27.7,0.0,0.0,15.0,24.5
63756934170859,42.6,27.6,0.0,0.0,15.0,24.6
63756934172052,42.8,27.8,0.0,0.0,15.0,24.4
63756934173202,43.0,28.0,0.0,0.0,15.0,25.1
63756934174362,42.8,27.8,0.0,0.0,15.0,25.4
63756934175374,42.6,27.6,0.0,0.0,15.0,0.0
63756934176529,42.5,27.5,0.0,0.0,15.0,23.8
63756934177670,42.2,27.1,0.0,0.0,15.0,24.5
63756934178823,42.8,27.8,0.0,0.0,15.0,25.3
63756934179961,42.9,27.9,0.0,0.0,15.0,25.1
63756934181112,42.7,27.7,0.0,0.0,15.0,25.2
63756934182264,42.3,27.3,0.0,0.0,15.0,24.3
63756934183413,42.5,27.4,0.0,0.0,15.0,25.0
63756934184558,42.4,27.4,0.0,0.0,15.0,23.9
63756934185690,42.5,27.5,0.0,0.0,15.0,26.0
63756934186836,42.3,27.3,0.0,0.0,15.0,24.7
63756934187982,42.3,27.3,0.0,0.0,15.0,24.8
63756934189134,42.1,27.1,0.0,0.0,15.0,24.8
63756934190273,42.1,27.0,0.0,0.0,15.0,23.8
63756934191414,42.7,27.7,0.0,0.0,15.0,25.6
63756934192566,42.7,27.7,0.0,0.0,15.0,24.4
63756934193710,42.5,27.5,0.0,0.0,15.0,24.4
63756934194855,43.0,28.0,0.0,0.0,15.0,24.4
63756934195998,43.0,28.0,0.0,0.0,15.0,24.8
63756934197143,42.6,27.6,0.0,0.0,15.0,24.4
63756934198283,43.0,28.0,0.0,0.0,15.0,25.9
63756934199439,43.0,28.0,0.0,0.0,15.0,26.4
63756934200580,42.8,27.8,0.0,0.0,15.0,24.8
63756934201746,42.8,27.8,0.0,0.0,15.0,24.2
63756934202881,42.9,27.9,0.0,0.0,15.0,25.1
63756934204032,42.9,27.9,0.0,0.0,15.0,25.7
63756934205167,41.9,26.9,0.0,0.0,15.0,24.1
63756934206304,42.6,27.6,0.0,0.0,15.0,24.9
63756934207434,42.4,27.4,0.0,0.0,15.0,25.1
63756934208555,42.3,27.3,0.0,0.0,15.0,26.6
63756934209696,42.6,27.6,0.0,0.0,15.0,26.0
63756934210808,42.5,27.5,0.0,0.0,15.0,24.7
63756934211929,41.4,26.4,0.0,0.0,15.0,25.6
63756934213061,43.0,28.0,0.0,0.0,15.0,25.8
63756934214198,41.8,26.8,0.0,0.0,15.0,24.7
63756934215330,43.0,28.0,0.0,0.0,15.0,26.1
63756934216477,42.4,27.4,0.0,0.0,15.0,25.6
63756934217607,42.2,27.2,0.0,0.0,15.0,26.2
63756934218733,42.4,27.4,0.0,0.0,15.0,26.3
63756934219870,42.4,27.4,0.0,0.0,15.0,24.2
63756934221003,42.8,27.8,0.0,0.0,15.0,25.6
63756934222141,42.0,26.9,0.0,0.0,15.0,25.3
63756934223274,42.3,27.3,0.0,0.0,15.0,23.7
63756934224403,42.6,27.6,0.0,0.0,15.0,26.1
63756934225541,42.3,27.3,0.0,0.0,15.0,25.6
63756934226658,42.2,27.2,0.0,0.0,15.0,25.1
63756934227803,42.0,27.0,0.0,0.0,15.0,25.3
63756934228916,42.7,27.7,0.0,0.0,15.0,26.4
63756934230040,42.6,27.6,0.0,0.0,15.0,25.2
63756934231166,42.6,27.6,0.0,0.0,15.0,26.1
63756934232299,42.8,27.8,0.0,0.0,15.0,25.1
63756934233428,41.9,26.8,0.0,0.0,15.0,24.2
63756934234552,42.1,27.0,0.0,0.0,15.0,25.6
63756934235678,42.6,27.6,0.0,0.0,15.0,26.7
63756934236805,42.5,27.5,0.0,0.0,15.0,24.6
63756934237924,42.1,27.1,0.0,0.0,15.0,25.8
63756934239060,42.0,27.0,0.0,0.0,15.0,24.8
63756934240210,42.8,27.8,0.0,0.0,15.0,23.8
63756934241344,42.2,27.2,0.0,0.0,15.0,24.6
63756934242464,42.8,27.8,0.0,0.0,15.0,26.0
63756934243585,41.7,26.7,0.0,0.0,15.0,24.5
63756934244704,42.9,27.9,0.0,0.0,15.0,26.3
63756934245705,42.4,27.4,0.0,0.0,15.0,--
63756934246709,42.5,27.5,0.0,0.0,15.0,--
63756934247709,42.8,27.8,0.0,0.0,15.0,--
